<?xml version="1.0" encoding="UTF-8" standalone="no"?>
<oneoff_actions>
    <oracle.oracore.rsf opt_req="O" version="19.0.0.0.0">
        <copy backup_in_zip="false" file_name="oracore/zoneinfo/timezlrg_33.dat" name="timezlrg_33.dat" path="%ORACLE_HOME%/oracore/zoneinfo" retain_permission="true" shaolue="6134EA86B86656FBCD535890EF2B169E16BE50AB"/>
        <copy backup_in_zip="false" file_name="oracore/zoneinfo/big/timezlrg_33.dat" name="timezlrg_33.dat" path="%ORACLE_HOME%/oracore/zoneinfo/big" retain_permission="true" shaolue="6134EA86B86656FBCD535890EF2B169E16BE50AB"/>
        <copy backup_in_zip="false" file_name="oracore/zoneinfo/little/timezlrg_33.dat" name="timezlrg_33.dat" path="%ORACLE_HOME%/oracore/zoneinfo/little" retain_permission="true" shaolue="6134EA86B86656FBCD535890EF2B169E16BE50AB"/>
        <copy backup_in_zip="false" file_name="oracore/zoneinfo/timezone_33.dat" name="timezone_33.dat" path="%ORACLE_HOME%/oracore/zoneinfo" retain_permission="true" shaolue="7127ED5545335987FF6434E220D67C4B7DECB4C0"/>
        <copy backup_in_zip="false" file_name="oracore/zoneinfo/big/timezone_33.dat" name="timezone_33.dat" path="%ORACLE_HOME%/oracore/zoneinfo/big" retain_permission="true" shaolue="7127ED5545335987FF6434E220D67C4B7DECB4C0"/>
        <copy backup_in_zip="false" file_name="oracore/zoneinfo/little/timezone_33.dat" name="timezone_33.dat" path="%ORACLE_HOME%/oracore/zoneinfo/little" retain_permission="true" shaolue="7127ED5545335987FF6434E220D67C4B7DECB4C0"/>
        <copy backup_in_zip="false" file_name="oracore/zoneinfo/readme_33.txt" name="readme_33.txt" path="%ORACLE_HOME%/oracore/zoneinfo" retain_permission="true" shaolue="162D97CEB4F3805694F44D00E990635648F4B0E0"/>
    </oracle.oracore.rsf>
</oneoff_actions>
