<?xml version="1.0" encoding="UTF-8" standalone="no"?>
<oneoff_inventory>
    <opack_version version="14.1.0.1.11"/>
    <patch_description>RDBMS - DSTV33 UPDATE - TZDATA2018G</patch_description>
    <patch_id number="28852325"/>
    <unique_patch_id>23061696</unique_patch_id>
    <cannot_autorollback>false</cannot_autorollback>
    <not_rollbackable>false</not_rollbackable>
    <date_of_patch day="9" month="Aug" time="12:52:23 hrs" year="2019" zone="PST8PDT"/>
    <base_bugs>
        <bug description="RDBMS - DSTV33 UPDATE - TZDATA2018G" number="28852325"/>
    </base_bugs>
    <required_components>
        <component internal_name="oracle.oracore.rsf" opt_req="O" version="19.0.0.0.0"/>
    </required_components>
    <os_platforms>
        <platform id="87" name="Compaq Tru64 UNIX"/>
        <platform id="46" name="Linux Intel"/>
        <platform id="233" name="Microsoft Windows x64 (64-bit)"/>
        <platform id="208" name="Microsoft Windows (64-bit)"/>
        <platform id="215" name="MS Windows Server 2003"/>
        <platform id="214" name="Linux Intel Itanium"/>
        <platform id="267" name="Solaris Operating System (x86-64)"/>
        <platform id="912" name="MS Windows NT"/>
        <platform id="173" name="Sun Solaris Intel"/>
        <platform id="226" name="Linux x86-64"/>
    </os_platforms>
    <executables/>
    <instance_shutdown>false</instance_shutdown>
    <instance_shutdown_message/>
    <online_rac_installable>false</online_rac_installable>
    <run_as_root>false</run_as_root>
    <sql_migrate>false</sql_migrate>
    <wls_prereq_oneoffs/>
    <prereq_oneoffs/>
    <overlay_oneoffs/>
    <patch_type value="singleton"/>
    <patch_language value="en"/>
    <product_family value="db"/>
    <patching_model value="one-off"/>
    <auto>false</auto>
    <translatable>false</translatable>
    <application_dirs/>
    <patch_characteristics>
        <content_type value="generic"/>
    </patch_characteristics>
</oneoff_inventory>
