<?xml version="1.0" encoding="UTF-8" standalone="no"?>
<oneoff_actions>
    <oracle.rdbms.dbscripts opt_req="O" version="18.0.0.0.0">
        <copy backup_in_zip="false" file_name="rdbms/admin/dbmshtdb.sql" name="dbmshtdb.sql" path="%ORACLE_HOME%/rdbms/admin" retain_permission="true" shaolue="F3603364FB3D1CF5568D14B7E0121137D9C38E15"/>
        <copy backup_in_zip="false" file_name="rdbms/admin/prvthtdb.plb" name="prvthtdb.plb" path="%ORACLE_HOME%/rdbms/admin" retain_permission="true" shaolue="B0F6B98513736DF822447F210F4ADDCA1F14FCD1"/>
    </oracle.rdbms.dbscripts>
    <oracle.rdbms opt_req="O" version="18.0.0.0.0">
        <archive backup_in_zip="false" name="libeva18.a" object_name="rdbms/lib/libeva18.a/c_kzctx.o" path="%ORACLE_HOME%/rdbms/lib" shaolue="ABA9DEDA59B1C714237B94240EA6B6D202FAD0E5"/>
        <archive backup_in_zip="false" name="libserver18.a" object_name="lib/libserver18.a/kkdlp.o" path="%ORACLE_HOME%/lib" shaolue="C96E30F59A6D514246DA7911B3BA3AD82DE8C666"/>
        <archive backup_in_zip="false" name="libserver18.a" object_name="lib/libserver18.a/kkdlpt.o" path="%ORACLE_HOME%/lib" shaolue="4BEDE3410928BCDAF8FD96334A9CA30A4DA24CF0"/>
        <archive backup_in_zip="false" name="libserver18.a" object_name="lib/libserver18.a/kkxhtmldb.o" path="%ORACLE_HOME%/lib" shaolue="F6E7A5ECC20621D2020EA587D2C3D6B0E077FC60"/>
        <archive backup_in_zip="false" name="libserver18.a" object_name="lib/libserver18.a/kpdbsec.o" path="%ORACLE_HOME%/lib" shaolue="74EEF73002E7B77E2ACD09697214A2610CB6C83E"/>
        <archive backup_in_zip="false" name="libserver18.a" object_name="lib/libserver18.a/kzctx.o" path="%ORACLE_HOME%/lib" shaolue="D161F0B6448AC320A749A8D37293D0C02FDC8E26"/>
        <archive backup_in_zip="false" name="libserver18.a" object_name="lib/libserver18.a/kzak.o" path="%ORACLE_HOME%/lib" shaolue="B8D95667735DC79B34A5ACC0FF68A08542EA3983"/>
        <archive backup_in_zip="false" name="libserver18.a" object_name="lib/libserver18.a/kzal.o" path="%ORACLE_HOME%/lib" shaolue="000EF3CCA3708504A516D18F8430A3B7B538FC01"/>
        <archive backup_in_zip="false" name="libserver18.a" object_name="lib/libserver18.a/kzld.o" path="%ORACLE_HOME%/lib" shaolue="B9AD446BBA9200B1835D2FF720EAF50ECF59BA3D"/>
        <archive backup_in_zip="false" name="libserver18.a" object_name="lib/libserver18.a/kzlg.o" path="%ORACLE_HOME%/lib" shaolue="BF6AAE5590C3A49DB61AED25135B58D056483A49"/>
        <archive backup_in_zip="false" name="libserver18.a" object_name="lib/libserver18.a/kzia.o" path="%ORACLE_HOME%/lib" shaolue="A3B824676467C19FB9DA0F02152D66E6BB63D55C"/>
        <archive backup_in_zip="false" name="libserver18.a" object_name="lib/libserver18.a/kzxu.o" path="%ORACLE_HOME%/lib" shaolue="B3B7CB888C479DA065D5B81F77238052D259B217"/>
        <archive backup_in_zip="false" name="libserver18.a" object_name="lib/libserver18.a/qmc.o" path="%ORACLE_HOME%/lib" shaolue="30C600E496AF5C7923FB01DE1A73D003506335DC"/>
        <archive backup_in_zip="false" name="libserver18.a" object_name="lib/libserver18.a/kspt.o" path="%ORACLE_HOME%/lib" shaolue="885A9ED386F921A78C4953F1366F71596CD8261B"/>
        <copy backup_in_zip="false" file_name="rdbms/admin/kspauv2.var" name="kspauv2.var" path="%ORACLE_HOME%/rdbms/admin" retain_permission="true" shaolue="50FAC3CED40456581E9F9797C7D7F2F9BAD7553D"/>
        <copy backup_in_zip="false" file_name="rdbms/admin/kspapv0.var" name="kspapv0.var" path="%ORACLE_HOME%/rdbms/admin" retain_permission="true" shaolue="97CDB6356809FA270E1C65C2ADFCEEC71D4D572D"/>
        <copy backup_in_zip="false" file_name="rdbms/admin/kspapv31.var" name="kspapv31.var" path="%ORACLE_HOME%/rdbms/admin" retain_permission="true" shaolue="83F64699D00C3A9B05E78DB9CBB61168815AFD2D"/>
        <copy backup_in_zip="false" file_name="rdbms/admin/kspauv31.var" name="kspauv31.var" path="%ORACLE_HOME%/rdbms/admin" retain_permission="true" shaolue="7D48DECF48F3E867B44311014F810B7ACA5666DF"/>
        <make change_dir="%ORACLE_HOME%/rdbms/lib" make_file="ins_rdbms.mk" make_target="ioracle"/>
    </oracle.rdbms>
</oneoff_actions>
