<?xml version="1.0" encoding="UTF-8" standalone="no"?>
<oneoff_inventory>
    <opack_version version="14.1.0.1.11"/>
    <patch_description>CMU-AD  CUMULATIVE FIXES FOR DATABASE 19C &amp;amp; 18C</patch_description>
    <patch_id number="31404487"/>
    <minimum_opatch_version>12.2.0.1.23</minimum_opatch_version>
    <unique_patch_id>24141228</unique_patch_id>
    <cannot_autorollback>false</cannot_autorollback>
    <not_rollbackable>false</not_rollbackable>
    <date_of_patch day="17" month="May" time="10:48:17 hrs" year="2021" zone="PST8PDT"/>
    <base_bugs>
        <bug description="CMU-AD  CUMULATIVE FIXES FOR DATABASE 19C &amp;amp; 18C" number="31404487"/>
    </base_bugs>
    <required_components>
        <component internal_name="oracle.rdbms.dbscripts" opt_req="O" version="18.0.0.0.0"/>
        <component internal_name="oracle.rdbms" opt_req="O" version="18.0.0.0.0"/>
    </required_components>
    <os_platforms>
        <platform id="226" name="Linux x86-64"/>
    </os_platforms>
    <executables>
        <executable path="%ORACLE_HOME%/bin/oracle"/>
    </executables>
    <instance_shutdown>true</instance_shutdown>
    <instance_shutdown_message/>
    <online_rac_installable>true</online_rac_installable>
    <run_as_root>false</run_as_root>
    <sql_migrate>false</sql_migrate>
    <wls_prereq_oneoffs/>
    <prereq_oneoffs>
        <prereq oneoff_id="32524155"/>
    </prereq_oneoffs>
    <overlay_oneoffs>
        <overlay oneoff_id="32524155"/>
    </overlay_oneoffs>
    <patch_type value="singleton"/>
    <patch_language value="en"/>
    <product_family value="db"/>
    <patching_model value="one-off"/>
    <auto>false</auto>
    <translatable>false</translatable>
    <application_dirs/>
    <patch_characteristics>
        <content_type value="generic"/>
    </patch_characteristics>
</oneoff_inventory>
