<!-- This file contain patch Metadata -->
<results md5_sum="ff18cba4b5269a89fa1aeeb9a96c593b">
  <generated_date in_epoch_ms="1621273893000">2021-05-17 17:51:33</generated_date>
  <patch has_prereqs="y" has_postreqs="n" is_system_patch="n"> 
    <bug> 
      <number>31404487</number>
      <abstract><![CDATA[CMU-AD: CUMULATIVE FIXES FOR DATABASE 19C & 18C]]></abstract>
    </bug> 
    <name>31404487</name>
    <type>Patch</type>
    <status>Available</status>
    <access id="">Open access</access> 
    <url> 
      <patch_readme host="https://updates.oracle.com"><![CDATA[/Orion/Services/download?type=readme&aru=24141228]]></patch_readme> 
      <patch_details><![CDATA[/download/31404487.html]]></patch_details>
    </url> 
    <request_id>24141228</request_id>
    <product id="9480" bugdb_id="5"><![CDATA[Oracle Database Family]]></product> 
    <release id="60000000007100210420211" name="18.14.0.0.0DBRU" platform_patch_not_required="Y" psu="Y" cc="Y"><![CDATA[Oracle Database 18.14.0.0.0 DBRU]]></release> 
    <platform id="226" bugdb_id="226"><![CDATA[Linux x86-64]]></platform> 
    <language id="0" iso_code="EN"><![CDATA[American English]]></language> 
    <translations_available>No</translations_available> 
    <classification id="170">Open</classification> 
    <patch_classification id="170">Open</patch_classification> 
    <support_level id="G">General Support</support_level> 
    <entitlements> 
      <entitlement code="SW"/> 
    </entitlements> 
    <patch_relationships> 
      <related_patch> 
        <bug> 
          <number>32524155</number>
          <abstract><![CDATA[DATABASE RELEASE UPDATE 18.14.0.0.0]]></abstract>
        </bug> 
        <relation_types> 
          <relation_type>Prereq</relation_type> 
        </relation_types> 
        <name>32524155</name>
        <type>Patch</type>
        <patch_details><![CDATA[/Orion/Services/search?bug=32524155&release=600000000071008]]></patch_details>
      </related_patch> 
    </patch_relationships> 
    <fixes_bugs truncated="no"> 
      <bug> 
        <number>31404487</number>
        <abstract><![CDATA[CMU-AD: CUMULATIVE FIXES FOR DATABASE 19C & 18C]]></abstract>
      </bug> 
    </fixes_bugs> 
    <size>1464008</size>
    <files> 
      <file> 
        <name>p31404487_1814000DBRU_Linux-x86-64.zip</name>
        <size>1464008</size>
        <download_url host="https://updates.oracle.com"><![CDATA[/Orion/Services/download/p31404487_1814000DBRU_Linux-x86-64.zip?aru=24141228&patch_file=p31404487_1814000DBRU_Linux-x86-64.zip]]></download_url> 
        <digest type="SHA-1">D253BC9E9F9F68AF4D9E20CE7FD4148072CFABCD</digest> 
        <digest type="SHA-256">CFD3348E718ED53A043672EB15C435C1A8B59A1999DBF98E64ECFFE216CAE166</digest> 
      </file> 
    </files> 
    <downloads_count>0</downloads_count>
    <updated_date in_epoch_ms="1621273713000">2021-05-17 17:48:33</updated_date> 
    <released_date in_epoch_ms="0"></released_date> 
    <prereqs>
      <prereq install_step="1">
        <bug> 
          <number>32524155</number>
          <abstract><![CDATA[DATABASE RELEASE UPDATE 18.14.0.0.0]]></abstract>
        </bug> 
        <name>32524155</name>
        <type>Patch</type>
        <status>Available</status>
        <access id="m">Open access</access> 
        <request_id>24173763</request_id>
        <product id="9480" bugdb_id="5"><![CDATA[Oracle Database]]></product> 
        <release id="600000000071008" name="18.0.0.0.0" platform_patch_not_required="Y"><![CDATA[Oracle Database 18.0.0.0.0]]></release> 
        <platform id="226" bugdb_id="226"><![CDATA[Linux x86-64]]></platform> 
        <language id="0" iso_code="EN"><![CDATA[American English]]></language> 
        <entitlements> 
          <entitlement code="SW"/> 
        </entitlements> 
        <files> 
          <file> 
            <name>p32524155_180000_Linux-x86-64.zip</name>
            <size>1249215809</size>
            <download_url host="https://updates.oracle.com"><![CDATA[/Orion/Services/download/p32524155_180000_Linux-x86-64.zip?aru=24173763&patch_file=p32524155_180000_Linux-x86-64.zip]]></download_url> 
            <digest type="SHA-256">CFA522C060766B471AC5BC0144ADB0EAD31A028FF29D3F5F7A2091697DD502BC</digest> 
            <digest type="SHA-1">B03F8FFE037B630B3E122841A87A2837F754FEB4</digest> 
          </file> 
        </files> 
      </prereq> 
    </prereqs>
  </patch> 
</results>
