<?xml version="1.0" encoding="UTF-8" standalone="no"?>
<oneoff_actions>
    <oracle.rdbms opt_req="O" patch_level="3" version="19.0.0.0.0">
        <make change_dir="%ORACLE_HOME%/rdbms/lib" make_file="ins_rdbms.mk" make_target="client_sharedlib"/>
        <make change_dir="%ORACLE_HOME%/rdbms/lib" make_file="ins_rdbms.mk" make_target="ioracle"/>
    </oracle.rdbms>
    <oracle.ldap.rsf opt_req="O" patch_level="3" version="19.0.0.0.0">
        <archive backup_in_zip="false" name="libztkg19.a" object_name="lib/libztkg19.a/init_os_ctx.o" path="%ORACLE_HOME%/lib" shaolue="F1D266BA9EDC6086C9E454DB9760541B74294900"/>
    </oracle.ldap.rsf>
    <oracle.rdbms.rsf opt_req="O" patch_level="3" version="19.0.0.0.0">
        <make change_dir="%ORACLE_HOME%/network/lib" make_file="ins_net_client.mk" make_target="client_sharedlib"/>
    </oracle.rdbms.rsf>
</oneoff_actions>
