<!-- This file contain patch Metadata -->
<results md5_sum="6c8697e68019ea0b4c471a355e0f1b18">
  <generated_date in_epoch_ms="1667469693000">2022-11-03 10:01:33</generated_date>
  <patch has_prereqs="n" has_postreqs="n" is_system_patch="n"> 
    <bug> 
      <number>34713322</number>
      <abstract><![CDATA[Fix for Bug 34713322]]></abstract>
    </bug> 
    <name>34713322</name>
    <type>Patch</type>
    <status>Available</status>
    <access id="m">Open access</access> 
    <url> 
      <patch_readme host="https://updates.oracle.com"><![CDATA[/Orion/Services/download?type=readme&aru=24989914]]></patch_readme> 
      <patch_details><![CDATA[/download/34713322.html]]></patch_details>
    </url> 
    <request_id>24989914</request_id>
    <product id="12383" bugdb_id="1370"><![CDATA[Enterprise Manager Base Platform]]></product> 
    <release id="600000000112192" name="13.4.0.0.0" platform_patch_not_required="Y" cc="Y"><![CDATA[Enterprise Manager Base Platform - Agent 13.4.0.0.0]]></release> 
    <platform id="2000" bugdb_id="289"><![CDATA[Generic Platform]]></platform> 
    <language id="0" iso_code="EN"><![CDATA[American English]]></language> 
    <translations_available>No</translations_available> 
    <classification id="174">General</classification> 
    <patch_classification id="174">General</patch_classification> 
    <support_level id="G">General Support</support_level> 
    <entitlements> 
      <entitlement code="SW"/> 
    </entitlements> 
    <fixes_bugs truncated="no"> 
      <bug> 
        <number>34713322</number>
        <abstract><![CDATA[Fix for Bug 34713322]]></abstract>
      </bug> 
    </fixes_bugs> 
    <size>8631</size>
    <files> 
      <file> 
        <name>p34713322_134000_Generic.zip</name>
        <size>8631</size>
        <download_url host="https://updates.oracle.com"><![CDATA[/Orion/Services/download/p34713322_134000_Generic.zip?aru=24989914&patch_file=p34713322_134000_Generic.zip]]></download_url> 
        <digest type="SHA-256">F39763FC7EB158CE804206E15D55BED8B7CF9EC0B5B1F23F1A4C57359EBC3016</digest> 
        <digest type="SHA-1">9ADE15E4FE979E3A4D003CB34221B48BDAA5AF2B</digest> 
      </file> 
    </files> 
    <downloads_count>0</downloads_count>
    <updated_date in_epoch_ms="1667456620000">2022-11-03 06:23:40</updated_date> 
    <released_date in_epoch_ms="1667455483000">2022-11-03 06:04:43</released_date> 
  </patch> 
</results>
