<!-- This file contain patch Metadata -->
<results md5_sum="ab998094d55608b6719c1aebc8b54e08">
  <generated_date in_epoch_ms="1649790815000">2022-04-12 19:13:35</generated_date>
  <patch has_prereqs="y" has_postreqs="n" is_system_patch="n"> 
    <bug> 
      <number>33590062</number>
      <abstract><![CDATA[MERGE ON DATABASE RU 19.12.0.0.0 OF 33028498 33028606 33189444 33580627 28318139]]></abstract>
    </bug> 
    <name>33590062</name>
    <type>Patch</type>
    <status>Available</status>
    <access id="m">Open access</access> 
    <url> 
      <patch_readme host="https://updates.oracle.com"><![CDATA[/Orion/Services/download?type=readme&aru=24729818]]></patch_readme> 
      <patch_details><![CDATA[/download/33590062.html]]></patch_details>
    </url> 
    <request_id>24729818</request_id>
    <product id="9480" bugdb_id="5"><![CDATA[Oracle Database Family]]></product> 
    <release id="60000000010115210720212" name="19.12.0.0.0DBRU" platform_patch_not_required="Y" psu="Y" cc="Y"><![CDATA[Oracle Database 19.12.0.0.0 DBRU]]></release> 
    <platform id="2000" bugdb_id="289"><![CDATA[Generic Platform]]></platform> 
    <language id="0" iso_code="EN"><![CDATA[American English]]></language> 
    <translations_available>No</translations_available> 
    <classification id="174">General</classification> 
    <patch_classification id="174">General</patch_classification> 
    <support_level id="G">General Support</support_level> 
    <entitlements> 
      <entitlement code="SW"/> 
    </entitlements> 
    <patch_relationships> 
      <related_patch> 
        <bug> 
          <number>32904851</number>
          <abstract><![CDATA[DATABASE RELEASE UPDATE 19.12.0.0.0]]></abstract>
        </bug> 
        <relation_types> 
          <relation_type>Prereq</relation_type> 
        </relation_types> 
        <name>32904851</name>
        <type>Patch</type>
        <patch_details><![CDATA[/Orion/Services/search?bug=32904851&release=600000000101150]]></patch_details>
      </related_patch> 
    </patch_relationships> 
    <fixes_bugs truncated="no"> 
      <bug> 
        <number>28318139</number>
        <abstract><![CDATA[ORA-31003 ERROR WHEN IMPORTING FULL DATABASE IN PARALLEL]]></abstract>
      </bug> 
      <bug> 
        <number>28555193</number>
        <abstract><![CDATA[DBMS_METADATA.GET_DDL CAPTURE INCORRECT STORAGE OPTIONS OF THE XML COLUMN ON GTT]]></abstract>
      </bug> 
      <bug> 
        <number>28771564</number>
        <abstract><![CDATA[DATAPUMP EXPORT INVOKED BY A PRIVILEGE USER EXECUTES A QUERY FOR V$OPEN_CURSOR]]></abstract>
      </bug> 
      <bug> 
        <number>29276889</number>
        <abstract><![CDATA[ATP-D: DATA PUMP IMPORT FROM ATP-D INSTANCE TO A LOCAL DB INSTANCE FAILS]]></abstract>
      </bug> 
      <bug> 
        <number>29543605</number>
        <abstract><![CDATA[18.4 ADWC - ORA-39242: UNABLE TO EXPORT/IMPORT "LONG RAW" DATA TYPE]]></abstract>
      </bug> 
      <bug> 
        <number>29613245</number>
        <abstract><![CDATA[ORA-31684 ORA-39112 WITH FIX 28539085 AND VERSION=11.2]]></abstract>
      </bug> 
      <bug> 
        <number>29959025</number>
        <abstract><![CDATA[EXPDP RUNNING LONG TIME QUERYING KU$_SUBPARTITION_EST_VIEW WHEN PROCESSING TABLE_DATA]]></abstract>
      </bug> 
      <bug> 
        <number>30155338</number>
        <abstract><![CDATA[ORA-54 RUNNING IMPDP AFTER UPGRADE FROM 12.2 TO 18.7]]></abstract>
      </bug> 
      <bug> 
        <number>30662417</number>
        <abstract><![CDATA[IMPDP WORKER TERMINATED WITH ORA-39029 AFTER MULTIPLE ORA-01775]]></abstract>
      </bug> 
      <bug> 
        <number>30822078</number>
        <abstract><![CDATA[IMPDP VERY SLOW DUE TO PROCESS REORDERING]]></abstract>
      </bug> 
      <bug> 
        <number>30858671</number>
        <abstract><![CDATA[18C DBMS_METADATA.GET_DDL FAILED WITH ORA-16000 IN READ ONLY MODE]]></abstract>
      </bug> 
      <bug> 
        <number>30978304</number>
        <abstract><![CDATA[ORA-20000 DURING IMPDP WITH STATS AND THE UNIQUE INDEX FOR THE PK IS NOT CREATED]]></abstract>
      </bug> 
      <bug> 
        <number>31200854</number>
        <abstract><![CDATA[ADB-D: IMPORT PERFORMANCE OF PACKAGE_BODY]]></abstract>
      </bug> 
      <bug> 
        <number>31402031</number>
        <abstract><![CDATA[DBMS_METADATA_UTIL THROWS AN INVALID CURSOR EXCEPTION.]]></abstract>
      </bug> 
      <bug> 
        <number>31412130</number>
        <abstract><![CDATA[ADBD:: COMPLETE FIX FOR 29543605 WHICH INCLUDES ALL THE MISSING FILES]]></abstract>
      </bug> 
      <bug> 
        <number>31711479</number>
        <abstract><![CDATA[ADB-S: ORA39126 AND ORA01031 WHILE IMPORT USING FA FULL DUMP INTO ADB-S]]></abstract>
      </bug> 
      <bug> 
        <number>31830685</number>
        <abstract><![CDATA[ZDM :  IMPORT ADW-S DB LINK MIGRATION THROWS INTERNAL ERROR]]></abstract>
      </bug> 
      <bug> 
        <number>32512780</number>
        <abstract><![CDATA[PROCOBJ PLSQL SCRIPTS ARE NOT EXCLUDED ON IMPORT WITH EXCLUDE=TAG]]></abstract>
      </bug> 
      <bug> 
        <number>32647307</number>
        <abstract><![CDATA[ADB-D:: PACKAGE BODIES IMPORT SLOWER AFTER AUTONOMOUS REFRESH TO 19.10DBRU]]></abstract>
      </bug> 
      <bug> 
        <number>32919937</number>
        <abstract><![CDATA[CONSOLIDATED BUG OF IMPROVEMENTS TO DATA PUMP / MDAPI PATCHING PROCEDURES]]></abstract>
      </bug> 
      <bug> 
        <number>33163877</number>
        <abstract><![CDATA[ATPD MIGRATION:IMPDP HITS TABLE OR VIEW DOES NOT EXIST ON SOME DATAPUMP RELATED TABLES]]></abstract>
      </bug> 
    </fixes_bugs> 
    <size>1959886</size>
    <files> 
      <file> 
        <name>p33590062_1912000DBRU_Generic.zip</name>
        <size>1959886</size>
        <download_url host="https://updates.oracle.com"><![CDATA[/Orion/Services/download/p33590062_1912000DBRU_Generic.zip?aru=24729818&patch_file=p33590062_1912000DBRU_Generic.zip]]></download_url> 
        <digest type="SHA-1">2659A5964933B14315BE2058969115E30565DE79</digest> 
        <digest type="SHA-256">4A335B3AEC660D65F224A686F6A1315114B72C0FF6245E91BA5A4C83746345D7</digest> 
      </file> 
    </files> 
    <downloads_count>0</downloads_count>
    <updated_date in_epoch_ms="1649790585000">2022-04-12 19:09:45</updated_date> 
    <released_date in_epoch_ms="1649790582000">2022-04-12 19:09:42</released_date> 
    <prereqs>
      <prereq install_step="1">
        <bug> 
          <number>32904851</number>
          <abstract><![CDATA[DATABASE RELEASE UPDATE 19.12.0.0.0]]></abstract>
        </bug> 
        <name>32904851</name>
        <type>Patch</type>
        <status>Available</status>
        <access id="m">Open access</access> 
        <request_id>24343243</request_id>
        <product id="9480" bugdb_id="5"><![CDATA[Oracle Database]]></product> 
        <release id="600000000101150" name="19.0.0.0.0" platform_patch_not_required="Y"><![CDATA[Oracle Database 19.0.0.0.0]]></release> 
        <platform id="226" bugdb_id="226"><![CDATA[Linux x86-64]]></platform> 
        <language id="0" iso_code="EN"><![CDATA[American English]]></language> 
        <entitlements> 
          <entitlement code="SW"/> 
        </entitlements> 
        <files> 
          <file> 
            <name>p32904851_190000_Linux-x86-64.zip</name>
            <size>1399784331</size>
            <download_url host="https://updates.oracle.com"><![CDATA[/Orion/Services/download/p32904851_190000_Linux-x86-64.zip?aru=24343243&patch_file=p32904851_190000_Linux-x86-64.zip]]></download_url> 
            <digest type="SHA-1">998BE532EBE8D419B051268EFDB493BFC52D0B52</digest> 
            <digest type="SHA-256">6BE754DFAA3C9781E4B04882AD3D93BF9F14F62DA4531582D69DC5429FC690BA</digest> 
          </file> 
        </files> 
      </prereq> 
      <prereq install_step="1">
        <bug> 
          <number>32904851</number>
          <abstract><![CDATA[DATABASE RELEASE UPDATE 19.12.0.0.0]]></abstract>
        </bug> 
        <name>32904851</name>
        <type>Patch</type>
        <status>Available</status>
        <access id="m">Open access</access> 
        <request_id>24522716</request_id>
        <product id="9480" bugdb_id="5"><![CDATA[Oracle Database]]></product> 
        <release id="600000000101150" name="19.0.0.0.0" platform_patch_not_required="Y"><![CDATA[Oracle Database 19.0.0.0.0]]></release> 
        <platform id="319" bugdb_id="319"><![CDATA[IBM AIX on POWER Systems (32-bit)]]></platform> 
        <language id="0" iso_code="EN"><![CDATA[American English]]></language> 
        <entitlements> 
          <entitlement code="SW"/> 
        </entitlements> 
        <files> 
          <file> 
            <name>p32904851_190000_AIX.zip</name>
            <size>619553404</size>
            <download_url host="https://updates.oracle.com"><![CDATA[/Orion/Services/download/p32904851_190000_AIX.zip?aru=24522716&patch_file=p32904851_190000_AIX.zip]]></download_url> 
            <digest type="SHA-256">6CEAEBFD21FCB1A1A030E687303B6E29DCE6F1959D4DBA03116552CED8469772</digest> 
            <digest type="SHA-1">A8C373A475523F71ED49940713EB37B5C6ABC5F3</digest> 
          </file> 
        </files> 
      </prereq> 
      <prereq install_step="1">
        <bug> 
          <number>32904851</number>
          <abstract><![CDATA[DATABASE RELEASE UPDATE 19.12.0.0.0]]></abstract>
        </bug> 
        <name>32904851</name>
        <type>Patch</type>
        <status>Available</status>
        <access id="m">Open access</access> 
        <request_id>24545891</request_id>
        <product id="9480" bugdb_id="5"><![CDATA[Oracle Database]]></product> 
        <release id="600000000101150" name="19.0.0.0.0" platform_patch_not_required="Y"><![CDATA[Oracle Database 19.0.0.0.0]]></release> 
        <platform id="173" bugdb_id="173"><![CDATA[Oracle Solaris on x86 (32-bit)]]></platform> 
        <language id="0" iso_code="EN"><![CDATA[American English]]></language> 
        <entitlements> 
          <entitlement code="SW"/> 
        </entitlements> 
        <files> 
          <file> 
            <name>p32904851_190000_Solarisx86.zip</name>
            <size>216383476</size>
            <download_url host="https://updates.oracle.com"><![CDATA[/Orion/Services/download/p32904851_190000_Solarisx86.zip?aru=24545891&patch_file=p32904851_190000_Solarisx86.zip]]></download_url> 
            <digest type="SHA-256">F891A2909A8E22B74A440176D19DA4DF65545241A04781D6AA8CA8D332C4E901</digest> 
            <digest type="SHA-1">882FFDC4CA0DF03DEE8A2D86AB1076A38C6DA038</digest> 
          </file> 
        </files> 
      </prereq> 
      <prereq install_step="1">
        <bug> 
          <number>32904851</number>
          <abstract><![CDATA[DATABASE RELEASE UPDATE 19.12.0.0.0]]></abstract>
        </bug> 
        <name>32904851</name>
        <type>Patch</type>
        <status>Available</status>
        <access id="m">Open access</access> 
        <request_id>24348607</request_id>
        <product id="9480" bugdb_id="5"><![CDATA[Oracle Database]]></product> 
        <release id="600000000101150" name="19.0.0.0.0" platform_patch_not_required="Y"><![CDATA[Oracle Database 19.0.0.0.0]]></release> 
        <platform id="212" bugdb_id="212"><![CDATA[IBM AIX on POWER Systems (64-bit)]]></platform> 
        <language id="0" iso_code="EN"><![CDATA[American English]]></language> 
        <entitlements> 
          <entitlement code="SW"/> 
        </entitlements> 
        <files> 
          <file> 
            <name>p32904851_190000_AIX64-5L.zip</name>
            <size>2096253454</size>
            <download_url host="https://updates.oracle.com"><![CDATA[/Orion/Services/download/p32904851_190000_AIX64-5L.zip?aru=24348607&patch_file=p32904851_190000_AIX64-5L.zip]]></download_url> 
            <digest type="SHA-256">BF16096265B18D9D45DB3667DD03F47239E4F8CA83F85C57D3EC9C451A663A53</digest> 
            <digest type="SHA-1">1801CB2BA156CA1C4B1FA620B1CF0DE211681C9E</digest> 
          </file> 
        </files> 
      </prereq> 
      <prereq install_step="1">
        <bug> 
          <number>32904851</number>
          <abstract><![CDATA[DATABASE RELEASE UPDATE 19.12.0.0.0]]></abstract>
        </bug> 
        <name>32904851</name>
        <type>Patch</type>
        <status>Available</status>
        <access id="m">Open access</access> 
        <request_id>24354769</request_id>
        <product id="9480" bugdb_id="5"><![CDATA[Oracle Database]]></product> 
        <release id="600000000101150" name="19.0.0.0.0" platform_patch_not_required="Y"><![CDATA[Oracle Database 19.0.0.0.0]]></release> 
        <platform id="23" bugdb_id="23"><![CDATA[Oracle Solaris on SPARC (64-bit)]]></platform> 
        <language id="0" iso_code="EN"><![CDATA[American English]]></language> 
        <entitlements> 
          <entitlement code="SW"/> 
        </entitlements> 
        <files> 
          <file> 
            <name>p32904851_190000_SOLARIS64.zip</name>
            <size>1789072692</size>
            <download_url host="https://updates.oracle.com"><![CDATA[/Orion/Services/download/p32904851_190000_SOLARIS64.zip?aru=24354769&patch_file=p32904851_190000_SOLARIS64.zip]]></download_url> 
            <digest type="SHA-256">76AC0558E2BAB31F79FC8C21287A98FFAA0442FA8879CD352914D666AEB043D3</digest> 
            <digest type="SHA-1">F06EC216986F1EE075F08D434A7065E6101AA577</digest> 
          </file> 
        </files> 
      </prereq> 
      <prereq install_step="1">
        <bug> 
          <number>32904851</number>
          <abstract><![CDATA[DATABASE RELEASE UPDATE 19.12.0.0.0]]></abstract>
        </bug> 
        <name>32904851</name>
        <type>Patch</type>
        <status>Available</status>
        <access id="m">Open access</access> 
        <request_id>24346797</request_id>
        <product id="9480" bugdb_id="5"><![CDATA[Oracle Database]]></product> 
        <release id="600000000101150" name="19.0.0.0.0" platform_patch_not_required="Y"><![CDATA[Oracle Database 19.0.0.0.0]]></release> 
        <platform id="209" bugdb_id="209"><![CDATA[IBM: Linux on System z]]></platform> 
        <language id="0" iso_code="EN"><![CDATA[American English]]></language> 
        <entitlements> 
          <entitlement code="SW"/> 
        </entitlements> 
        <files> 
          <file> 
            <name>p32904851_190000_Linux-zSer.zip</name>
            <size>1486652520</size>
            <download_url host="https://updates.oracle.com"><![CDATA[/Orion/Services/download/p32904851_190000_Linux-zSer.zip?aru=24346797&patch_file=p32904851_190000_Linux-zSer.zip]]></download_url> 
            <digest type="SHA-256">B7394D197E1E5B03E6F2C51C78E332BF918AA463D12BA85D29D2363C4AD46DD7</digest> 
            <digest type="SHA-1">ED3A4117DCD2993746E5BDE21648003F20B67D55</digest> 
          </file> 
        </files> 
      </prereq> 
      <prereq install_step="1">
        <bug> 
          <number>32904851</number>
          <abstract><![CDATA[DATABASE RELEASE UPDATE 19.12.0.0.0]]></abstract>
        </bug> 
        <name>32904851</name>
        <type>Patch</type>
        <status>Available</status>
        <access id="m">Open access</access> 
        <request_id>24359500</request_id>
        <product id="9480" bugdb_id="5"><![CDATA[Oracle Database]]></product> 
        <release id="600000000101150" name="19.0.0.0.0" platform_patch_not_required="Y"><![CDATA[Oracle Database 19.0.0.0.0]]></release> 
        <platform id="46" bugdb_id="46"><![CDATA[Linux x86]]></platform> 
        <language id="0" iso_code="EN"><![CDATA[American English]]></language> 
        <entitlements> 
          <entitlement code="SW"/> 
        </entitlements> 
        <files> 
          <file> 
            <name>p32904851_190000_LINUX.zip</name>
            <size>309937173</size>
            <download_url host="https://updates.oracle.com"><![CDATA[/Orion/Services/download/p32904851_190000_LINUX.zip?aru=24359500&patch_file=p32904851_190000_LINUX.zip]]></download_url> 
            <digest type="SHA-256">EAE6FC7AA0A7B02E241B055C23536BE95FCED0E4558F142AE119D9B2359EAD22</digest> 
            <digest type="SHA-1">7E443F0B7776BBE58D324EE3E03FDBC108360D19</digest> 
          </file> 
        </files> 
      </prereq> 
      <prereq install_step="1">
        <bug> 
          <number>32904851</number>
          <abstract><![CDATA[DATABASE RELEASE UPDATE 19.12.0.0.0]]></abstract>
        </bug> 
        <name>32904851</name>
        <type>Patch</type>
        <status>Available</status>
        <access id="m">Open access</access> 
        <request_id>24352860</request_id>
        <product id="9480" bugdb_id="5"><![CDATA[Oracle Database]]></product> 
        <release id="600000000101150" name="19.0.0.0.0" platform_patch_not_required="Y"><![CDATA[Oracle Database 19.0.0.0.0]]></release> 
        <platform id="197" bugdb_id="197"><![CDATA[HP-UX Itanium]]></platform> 
        <language id="0" iso_code="EN"><![CDATA[American English]]></language> 
        <entitlements> 
          <entitlement code="SW"/> 
        </entitlements> 
        <files> 
          <file> 
            <name>p32904851_190000_HPUX-IA64.zip</name>
            <size>1998294981</size>
            <download_url host="https://updates.oracle.com"><![CDATA[/Orion/Services/download/p32904851_190000_HPUX-IA64.zip?aru=24352860&patch_file=p32904851_190000_HPUX-IA64.zip]]></download_url> 
            <digest type="SHA-1">B5F72B9C55F1EF711A8695A1D42F383A8DC022D0</digest> 
            <digest type="SHA-256">7F9EA5BD1196BA05BB1D4128AEEFF9DB44433B99C89389F164CA446CCD5D8A84</digest> 
          </file> 
        </files> 
      </prereq> 
      <prereq install_step="1">
        <bug> 
          <number>32904851</number>
          <abstract><![CDATA[DATABASE RELEASE UPDATE 19.12.0.0.0]]></abstract>
        </bug> 
        <name>32904851</name>
        <type>Patch</type>
        <status>Available</status>
        <access id="m">Open access</access> 
        <request_id>24533683</request_id>
        <product id="9480" bugdb_id="5"><![CDATA[Oracle Database]]></product> 
        <release id="600000000101150" name="19.0.0.0.0" platform_patch_not_required="Y"><![CDATA[Oracle Database 19.0.0.0.0]]></release> 
        <platform id="453" bugdb_id="453"><![CDATA[Oracle Solaris on SPARC (32-bit)]]></platform> 
        <language id="0" iso_code="EN"><![CDATA[American English]]></language> 
        <entitlements> 
          <entitlement code="SW"/> 
        </entitlements> 
        <files> 
          <file> 
            <name>p32904851_190000_SOLARIS.zip</name>
            <size>245453328</size>
            <download_url host="https://updates.oracle.com"><![CDATA[/Orion/Services/download/p32904851_190000_SOLARIS.zip?aru=24533683&patch_file=p32904851_190000_SOLARIS.zip]]></download_url> 
            <digest type="SHA-1">1BD2030D7A88FFDDCF83105A2DC41C8E4CE29A62</digest> 
            <digest type="SHA-256">647861B46B6738C40B33EEA6C045A2DEAE6B903035831915E08709693A1B90AB</digest> 
          </file> 
        </files> 
      </prereq> 
      <prereq install_step="1">
        <bug> 
          <number>32904851</number>
          <abstract><![CDATA[DATABASE RELEASE UPDATE 19.12.0.0.0]]></abstract>
        </bug> 
        <name>32904851</name>
        <type>Patch</type>
        <status>Available</status>
        <access id="m">Open access</access> 
        <request_id>24352557</request_id>
        <product id="9480" bugdb_id="5"><![CDATA[Oracle Database]]></product> 
        <release id="600000000101150" name="19.0.0.0.0" platform_patch_not_required="Y"><![CDATA[Oracle Database 19.0.0.0.0]]></release> 
        <platform id="267" bugdb_id="267"><![CDATA[Oracle Solaris on x86-64 (64-bit)]]></platform> 
        <language id="0" iso_code="EN"><![CDATA[American English]]></language> 
        <entitlements> 
          <entitlement code="SW"/> 
        </entitlements> 
        <files> 
          <file> 
            <name>p32904851_190000_Solaris86-64.zip</name>
            <size>1710098169</size>
            <download_url host="https://updates.oracle.com"><![CDATA[/Orion/Services/download/p32904851_190000_Solaris86-64.zip?aru=24352557&patch_file=p32904851_190000_Solaris86-64.zip]]></download_url> 
            <digest type="SHA-1">9B135DC0953C17DEE85E2CA25A398134E5B90CAE</digest> 
            <digest type="SHA-256">484AAD22D03E81D9ACAAA43983B56B9844BA1CB0B6963AF62357FCA171F8F9EE</digest> 
          </file> 
        </files> 
      </prereq> 
      <prereq install_step="1">
        <bug> 
          <number>32904851</number>
          <abstract><![CDATA[DATABASE RELEASE UPDATE 19.12.0.0.0]]></abstract>
        </bug> 
        <name>32904851</name>
        <type>Patch</type>
        <status>Available</status>
        <access id="m">Open access</access> 
        <request_id>24397601</request_id>
        <product id="9480" bugdb_id="5"><![CDATA[Oracle Database]]></product> 
        <release id="600000000101150" name="19.0.0.0.0" platform_patch_not_required="Y"><![CDATA[Oracle Database 19.0.0.0.0]]></release> 
        <platform id="278" bugdb_id="278"><![CDATA[HP-UX Itanium (32-bit)]]></platform> 
        <language id="0" iso_code="EN"><![CDATA[American English]]></language> 
        <entitlements> 
          <entitlement code="SW"/> 
        </entitlements> 
        <files> 
          <file> 
            <name>p32904851_190000_HPUX-IA32.zip</name>
            <size>419936884</size>
            <download_url host="https://updates.oracle.com"><![CDATA[/Orion/Services/download/p32904851_190000_HPUX-IA32.zip?aru=24397601&patch_file=p32904851_190000_HPUX-IA32.zip]]></download_url> 
            <digest type="SHA-1">9740D15B314D5F10D2792B2CA615EEF09F3BE2A7</digest> 
            <digest type="SHA-256">9DBA4A6200F10E3F4CA36ED80ECB9AB7E5A00C986003F7301F188FB3ADD08207</digest> 
          </file> 
        </files> 
      </prereq> 
    </prereqs>
  </patch> 
</results>
