<!-- This file contain patch Metadata -->
<results md5_sum="7a3ae6de8471489dd212bf0e5a528550">
  <generated_date in_epoch_ms="1603186145000">2020-10-20 09:29:05</generated_date>
  <patch has_prereqs="n" has_postreqs="n" is_system_patch="n"> 
    <bug> 
      <number>31668908</number>
      <abstract><![CDATA[OJVM PATCH SET UPDATE 11.2.0.4.201020]]></abstract>
    </bug> 
    <name>31668908</name>
    <type>Patch</type>
    <psu_bundle>Oracle 11.2.0.4.201020 OJVM Database</psu_bundle>
    <status>Available</status>
    <access id="m">Open access</access> 
    <url> 
      <patch_readme host="https://updates.oracle.com"><![CDATA[/Orion/Services/download?type=readme&aru=23831337]]></patch_readme> 
      <patch_details><![CDATA[/download/31668908.html]]></patch_details>
    </url> 
    <request_id>23831337</request_id>
    <product id="9480" bugdb_id="5"><![CDATA[Oracle Database Family]]></product> 
    <release id="80112040" name="11.2.0.4.0" platform_patch_not_required="Y" cc="Y"><![CDATA[Oracle 11.2.0.4.0]]></release> 
    <platform id="23" bugdb_id="23"><![CDATA[Oracle Solaris on SPARC (64-bit)]]></platform> 
    <language id="0" iso_code="EN"><![CDATA[American English]]></language> 
    <translations_available>No</translations_available> 
    <classification id="174">General</classification> 
    <patch_classification id="174">General</patch_classification> 
    <support_level id="E">Extended Support</support_level> 
    <entitlements> 
      <entitlement code="EXS"/> 
    </entitlements> 
    <fixes_bugs truncated="no"> 
      <bug> 
        <number>14774730</number>
        <abstract><![CDATA[Fix for Bug 14774730]]></abstract>
      </bug> 
      <bug> 
        <number>17056813</number>
        <abstract><![CDATA[Fix for Bug 17056813]]></abstract>
      </bug> 
      <bug> 
        <number>17201047</number>
        <abstract><![CDATA[Fix for Bug 17201047]]></abstract>
      </bug> 
      <bug> 
        <number>17285560</number>
        <abstract><![CDATA[Fix for Bug 17285560]]></abstract>
      </bug> 
      <bug> 
        <number>17528315</number>
        <abstract><![CDATA[ORA-29532 ON JAVAMAIL API AFTER UPGRADE TO 11.2.0.4 ]]></abstract>
      </bug> 
      <bug> 
        <number>17804361</number>
        <abstract><![CDATA[SET COLLECTION TYPE AS A BIND VARIABLE IS VERY SLOW AFTER UPGRADE TO 11.2.0.4]]></abstract>
      </bug> 
      <bug> 
        <number>18166577</number>
        <abstract><![CDATA[JAVA STORED PROCEDURE FAILS WITH ORA-29532 IN 11.2.0.4]]></abstract>
      </bug> 
      <bug> 
        <number>18458318</number>
        <abstract><![CDATA[LOW QUALITY FONT IMAGE FILE CREATED USING JAVA CLASS AFTER UPGRADE TO 11.2.0.4]]></abstract>
      </bug> 
      <bug> 
        <number>18933818</number>
        <abstract><![CDATA[ORA-29532: JAVA CALL TERMINATED BY UNCAUGHT JAVA EXCEPTION: JAVA.LANG.ILLEGALMON]]></abstract>
      </bug> 
      <bug> 
        <number>19006757</number>
        <abstract><![CDATA[Fix for Bug 19006757]]></abstract>
      </bug> 
      <bug> 
        <number>19007266</number>
        <abstract><![CDATA[Fix for Bug 19007266]]></abstract>
      </bug> 
      <bug> 
        <number>19058059</number>
        <abstract><![CDATA[Fix for Bug 19058059]]></abstract>
      </bug> 
      <bug> 
        <number>19153980</number>
        <abstract><![CDATA[Fix for Bug 19153980]]></abstract>
      </bug> 
      <bug> 
        <number>19176885</number>
        <abstract><![CDATA[Fix for Bug 19176885]]></abstract>
      </bug> 
      <bug> 
        <number>19187988</number>
        <abstract><![CDATA[QUERIES FROM JDBC DRIVER RESULT IN CURSOR LEAK]]></abstract>
      </bug> 
      <bug> 
        <number>19223010</number>
        <abstract><![CDATA[Fix for Bug 19223010]]></abstract>
      </bug> 
      <bug> 
        <number>19231857</number>
        <abstract><![CDATA[Fix for Bug 19231857]]></abstract>
      </bug> 
      <bug> 
        <number>19374518</number>
        <abstract><![CDATA[JAVAVM RELEASE VERSION NOT CORRECTLY PARSED FROM PSU LABEL NAMES]]></abstract>
      </bug> 
      <bug> 
        <number>19554117</number>
        <abstract><![CDATA[FIX TO ADDRESS JOX.O CONFLICT BETWEEN OJVM AND OTHER BUNDLES [JAVAVM SIDE FIX]]]></abstract>
      </bug> 
      <bug> 
        <number>19699946</number>
        <abstract><![CDATA[REMOVE CHECK FROM JVMPSU.SQL FOR JAVAVM BEING VALID]]></abstract>
      </bug> 
      <bug> 
        <number>19852360</number>
        <abstract><![CDATA[ORACLE JAVAVM COMPONENT 11.2.0.4.1 DATABASE PSU - GENERIC JDBC PATCH (OCT2014)]]></abstract>
      </bug> 
      <bug> 
        <number>19895326</number>
        <abstract><![CDATA[Fix for Bug 19895326]]></abstract>
      </bug> 
      <bug> 
        <number>19909862</number>
        <abstract><![CDATA[IMPROVEMENTS NEEDED FOR OJVM PSU]]></abstract>
      </bug> 
      <bug> 
        <number>20408829</number>
        <abstract><![CDATA[Fix for Bug 20408829]]></abstract>
      </bug> 
      <bug> 
        <number>21047766</number>
        <abstract><![CDATA[Fix for Bug 21047766]]></abstract>
      </bug> 
      <bug> 
        <number>21566944</number>
        <abstract><![CDATA[Fix for Bug 21566944]]></abstract>
      </bug> 
      <bug> 
        <number>21811517</number>
        <abstract><![CDATA[UPDATE NEEDED TO VERSION FILES FOR OJVM PSU5]]></abstract>
      </bug> 
      <bug> 
        <number>21911849</number>
        <abstract><![CDATA[ORA-29548 EVEN AFTER OJVM PSU POST-INSTALL IS RUN]]></abstract>
      </bug> 
      <bug> 
        <number>22118835</number>
        <abstract><![CDATA[Fix for Bug 22118835]]></abstract>
      </bug> 
      <bug> 
        <number>22253904</number>
        <abstract><![CDATA[ORA-07445[JOEVM_INVOKEVIRTUAL()+584] AFTER APPLYING THE COMBO PATCH 21744343]]></abstract>
      </bug> 
      <bug> 
        <number>22670385</number>
        <abstract><![CDATA[Fix for Bug 22670385]]></abstract>
      </bug> 
      <bug> 
        <number>22675136</number>
        <abstract><![CDATA[Fix for Bug 22675136]]></abstract>
      </bug> 
      <bug> 
        <number>23082876</number>
        <abstract><![CDATA[ORA-07445: EXCEPTION ENCOUNTERED: CORE DUMP [JOX_ENTER_CALL()+188]]]></abstract>
      </bug> 
      <bug> 
        <number>23265914</number>
        <abstract><![CDATA[Fix for Bug 23265914]]></abstract>
      </bug> 
      <bug> 
        <number>23727132</number>
        <abstract><![CDATA[ORACLE JAVAVM COMPONENT 11.2.0.4.160719 DATABASE PSU - GENERIC JDBC PATCH]]></abstract>
      </bug> 
      <bug> 
        <number>24448240</number>
        <abstract><![CDATA[Fix for Bug 24448240]]></abstract>
      </bug> 
      <bug> 
        <number>24534298</number>
        <abstract><![CDATA[EXIT THE SESSION WHILE ROLLING PATCHING  FOR AN OJVM SESSION THAT MISMATCHES]]></abstract>
      </bug> 
      <bug> 
        <number>24817447</number>
        <abstract><![CDATA[SR18.1CDBPROXY - TRC - MEMORY LEAK: JOXUTOP HEAP]]></abstract>
      </bug> 
      <bug> 
        <number>25067795</number>
        <abstract><![CDATA[ORA-29548 CONTINUES TO OCCUR ON A RAC NODE EVEN AFTER OJVM PSU POST-INSTALL]]></abstract>
      </bug> 
      <bug> 
        <number>25076732</number>
        <abstract><![CDATA[Fix for Bug 25076732]]></abstract>
      </bug> 
      <bug> 
        <number>25494379</number>
        <abstract><![CDATA[Fix for Bug 25494379]]></abstract>
      </bug> 
      <bug> 
        <number>25649873</number>
        <abstract><![CDATA[ORACLE'S INTERNAL JVM CODE GETBUNDLEPATH() THROWING JAVA.LANG.NULLPOINTEREXCEPTI]]></abstract>
      </bug> 
      <bug> 
        <number>26023002</number>
        <abstract><![CDATA[Fix for Bug 26023002]]></abstract>
      </bug> 
      <bug> 
        <number>26637592</number>
        <abstract><![CDATA[Fix for Bug 26637592]]></abstract>
      </bug> 
      <bug> 
        <number>26716835</number>
        <abstract><![CDATA[CIPHER TLS_ECDHE_RSA_WITH_AES_128_CBC MISSING SUNEC SECURITY PROVIDER IN JDK 1.7/JDK 1.8]]></abstract>
      </bug> 
      <bug> 
        <number>27000663</number>
        <abstract><![CDATA[Fix for Bug 27000663]]></abstract>
      </bug> 
      <bug> 
        <number>27461842</number>
        <abstract><![CDATA[Fix for Bug 27461842]]></abstract>
      </bug> 
      <bug> 
        <number>27642235</number>
        <abstract><![CDATA[Fix for Bug 27642235]]></abstract>
      </bug> 
      <bug> 
        <number>27952577</number>
        <abstract><![CDATA[Fix for Bug 27952577]]></abstract>
      </bug> 
      <bug> 
        <number>28394726</number>
        <abstract><![CDATA[JAVA STORED PROCEDURE RESULTS IN ORA-7445 AND CODE FAILS WITH ORA-03113 ERROR]]></abstract>
      </bug> 
      <bug> 
        <number>28502128</number>
        <abstract><![CDATA[Fix for Bug 28502128]]></abstract>
      </bug> 
      <bug> 
        <number>28915933</number>
        <abstract><![CDATA[Fix for Bug 28915933]]></abstract>
      </bug> 
      <bug> 
        <number>29254615</number>
        <abstract><![CDATA[Fix for Bug 29254615]]></abstract>
      </bug> 
      <bug> 
        <number>29448234</number>
        <abstract><![CDATA[ERROR SEEN DURING CATBUNDLE ROLLBACK >> ORA-29553: CLASS IN USE: SYS./8D80F2B9_XMLLSSERIALIZER]]></abstract>
      </bug> 
      <bug> 
        <number>29774367</number>
        <abstract><![CDATA[Fix for Bug 29774367]]></abstract>
      </bug> 
      <bug> 
        <number>29992392</number>
        <abstract><![CDATA[GETTING ORA ERRORS ON POSTDEINSTALL.SQL FOR HPIA64 AND AIX64 FOR 11204 OJVM]]></abstract>
      </bug> 
      <bug> 
        <number>30160639</number>
        <abstract><![CDATA[Fix for Bug 30160639]]></abstract>
      </bug> 
      <bug> 
        <number>30534664</number>
        <abstract><![CDATA[Fix for Bug 30534664]]></abstract>
      </bug> 
      <bug> 
        <number>30561292</number>
        <abstract><![CDATA[SPIN OFF 30322966 AFTER APPLYING 2 CPU DB PATCHES IN ORACLE, API CALL IS TAKING CONSIDERABLY MORE]]></abstract>
      </bug> 
      <bug> 
        <number>30772207</number>
        <abstract><![CDATA[JOXRV55_PUNT_RESOLUTION IS MISSING KGESEC0(GP, KGEFAC(GP), OER(29555)) AFTER PORTING JDK7.]]></abstract>
      </bug> 
      <bug> 
        <number>30855121</number>
        <abstract><![CDATA[Fix for Bug 30855121]]></abstract>
      </bug> 
      <bug> 
        <number>31306274</number>
        <abstract><![CDATA[Fix for Bug 31306274]]></abstract>
      </bug> 
      <bug> 
        <number>31476032</number>
        <abstract><![CDATA[INT12210XB4: INVENTORY TRANSACTIONS FAILING WITH ERROR CODE-29532,MSG:ORA-29532: JAVA CALL TERMINATED]]></abstract>
      </bug> 
      <bug> 
        <number>31668867</number>
        <abstract><![CDATA[Fix for Bug 31668867]]></abstract>
      </bug> 
    </fixes_bugs> 
    <size>51827121</size>
    <files> 
      <file> 
        <name>p31668908_112040_SOLARIS64.zip</name>
        <size>51827121</size>
        <download_url host="https://updates.oracle.com"><![CDATA[/Orion/Services/download/p31668908_112040_SOLARIS64.zip?aru=23831337&patch_file=p31668908_112040_SOLARIS64.zip]]></download_url> 
        <digest type="SHA-256">1281A0BE38AB3C87240FB3CD38DABF153EF22F197068EAA096BEF17D60EDFB14</digest> 
        <digest type="SHA-1">B97F0B44E07553576C230960E4882DFF86349FD0</digest> 
      </file> 
    </files> 
    <downloads_count>0</downloads_count>
    <updated_date in_epoch_ms="1603186095000">2020-10-20 09:28:15</updated_date> 
    <released_date in_epoch_ms="1599571518000">2020-09-08 13:25:18</released_date> 
  </patch> 
</results>
