<?xml version="1.0" encoding="utf-8"?>
<sqlPatch ID="33590062" uniquePatchID="24729818" applicationPatch="NO" jvm="NO" startupMode="normal" estimatedApplyTime="5" estimatedRollbackTime="5" buildTimestamp="211127035953" buildDescription="NONE" patchType="INTERIM" featureVersion="19" ruVersion="19.12.0.0.0">

<patchDescription>MERGE ON DATABASE RU 19.12.0.0.0 OF 33028498 33028606 33189444 33580627 28318139</patchDescription>

<!-- All components contained in this patch -->
<components>
  <component sequence="1">CATALOG</component>
</components>

<!--  All files contained in this patch -->
<sqlFiles>
    <file mode="apply,rollback" new="no" estimatedTime="5" component="CATALOG" sequence="1">rdbms/admin/dpload.sql</file>
    <file mode="apply,rollback" new="no" estimatedTime="5" component="CATALOG" sequence="2">rdbms/admin/dbmsplts.sql</file>
    <file mode="apply,rollback" new="no" estimatedTime="5" component="CATALOG" sequence="3">rdbms/admin/prvtbpw.plb</file>
    <file mode="apply,rollback" new="no" estimatedTime="5" component="CATALOG" sequence="4">rdbms/admin/prvtplts.plb</file>
</sqlFiles>

<ruData>
</ruData>

 <!-- Contents of rollback_files for this patch -->
<rollbackFilesData>
    <rollbackVersion>19.12.0.0.0-RU-Release_Update-210716141810</rollbackVersion>
</rollbackFilesData>

</sqlPatch>