<!-- This file contain patch Metadata -->
<results md5_sum="24703eed878f14818a43bbad2c8d59b6">
  <generated_date in_epoch_ms="1681933243000">2023-04-19 19:40:43</generated_date>
  <patch has_prereqs="n" has_postreqs="n" is_system_patch="n"> 
    <bug> 
      <number>19999993</number>
      <abstract><![CDATA[OMSPatcher patch of version 13.9.4.8.0 for Enterprise Manager Cloud Control 13.4.0.0.0]]></abstract>
    </bug> 
    <name>19999993</name>
    <type>Patch</type>
    <status>Available</status>
    <access id="m">Open access</access> 
    <url> 
      <patch_readme host="https://updates.oracle.com"><![CDATA[/Orion/Services/download?type=readme&aru=25201042]]></patch_readme> 
      <patch_details><![CDATA[/download/19999993.html]]></patch_details>
    </url> 
    <request_id>25201042</request_id>
    <product id="12383" bugdb_id="1370"><![CDATA[Enterprise Manager Base Platform]]></product> 
    <release id="600000000112191" name="13.4.0.0.0" platform_patch_not_required="Y" cc="Y"><![CDATA[Enterprise Manager Base Platform - OMS 13.4.0.0.0]]></release> 
    <platform id="2000" bugdb_id="289"><![CDATA[Generic Platform]]></platform> 
    <language id="0" iso_code="EN"><![CDATA[American English]]></language> 
    <translations_available>No</translations_available> 
    <classification id="174">General</classification> 
    <patch_classification id="174">General</patch_classification> 
    <support_level id="G">General Support</support_level> 
    <entitlements> 
      <entitlement code="SW"/> 
    </entitlements> 
    <size>787809</size>
    <files> 
      <file> 
        <name>p19999993_134000_Generic.zip</name>
        <size>787809</size>
        <download_url host="https://updates.oracle.com"><![CDATA[/Orion/Services/download/p19999993_134000_Generic.zip?aru=25201042&patch_file=p19999993_134000_Generic.zip]]></download_url> 
        <digest type="SHA-1">7BD4220655EA95A3E2AE14BC14F569E1899E394B</digest> 
        <digest type="SHA-256">7B3223F6A4669C45947AD51401FCD95551E7D90AC5D25AE85FF2022C46585D6E</digest> 
      </file> 
    </files> 
    <downloads_count>0</downloads_count>
    <updated_date in_epoch_ms="1681933081000">2023-04-19 19:38:01</updated_date> 
    <released_date in_epoch_ms="1600275657000">2020-09-16 17:00:57</released_date> 
  </patch> 
</results>
