<!-- This file contain patch Metadata -->
<results md5_sum="ae8e39a65c3d0860b4c1029c9b42ddbb">
  <generated_date in_epoch_ms="1668015789000">2022-11-09 17:43:09</generated_date>
  <patch has_prereqs="n" has_postreqs="n" is_system_patch="y"> 
    <bug> 
      <number>34713322</number>
      <abstract><![CDATA[Fix for Bug 34713322]]></abstract>
    </bug> 
    <name>34713322</name>
    <type>Patch</type>
    <status>Available</status>
    <access id="m">Open access</access> 
    <url> 
      <patch_readme host="https://updates.oracle.com"><![CDATA[/Orion/Services/download?type=readme&aru=24997514]]></patch_readme> 
      <patch_details><![CDATA[/download/34713322.html]]></patch_details>
    </url> 
    <request_id>24997514</request_id>
    <product id="12383" bugdb_id="1370"><![CDATA[Enterprise Manager Base Platform]]></product> 
    <release id="600000000156561" name="13.5.0.0.0" platform_patch_not_required="Y" cc="Y"><![CDATA[Enterprise Manager Base Platform - Agent 13.5.0.0.0]]></release> 
    <platform id="2000" bugdb_id="289"><![CDATA[Generic Platform]]></platform> 
    <language id="0" iso_code="EN"><![CDATA[American English]]></language> 
    <translations_available>No</translations_available> 
    <classification id="174">General</classification> 
    <patch_classification id="174">General</patch_classification> 
    <patch_replacements> 
      <note><![CDATA[This patch is part of the following system patch. Consider downloading the system patch instead.]]></note>
      <included_or_replaced_by> 
        <bug> 
          <number>34713322</number>
          <abstract><![CDATA[Fix for Bug 34713322]]></abstract>
        </bug> 
        <name>34713322</name>
        <type>Patch</type>
        <patch_details><![CDATA[/Orion/Services/search?bug=34713322&release=600000000156561]]></patch_details>
      </included_or_replaced_by> 
    </patch_replacements> 
    <support_level id="G">General Support</support_level> 
    <entitlements> 
      <entitlement code="SW"/> 
    </entitlements> 
    <fixes_bugs truncated="no"> 
      <bug> 
        <number>34713322</number>
        <abstract><![CDATA[Fix for Bug 34713322]]></abstract>
      </bug> 
    </fixes_bugs> 
    <size>225298</size>
    <files> 
      <file> 
        <name>p34713322_135000_Generic.zip</name>
        <size>225298</size>
        <download_url host="https://updates.oracle.com"><![CDATA[/Orion/Services/download/p34713322_135000_Generic.zip?aru=24997514&patch_file=p34713322_135000_Generic.zip]]></download_url> 
        <digest type="SHA-256">339DFB0A28996395BF62409C48F083D43F982355CADDF594175031B1762DF676</digest> 
        <digest type="SHA-1">6A214B227063D5B7FD7E7784696D98FD77512FFA</digest> 
      </file> 
    </files> 
    <downloads_count>0</downloads_count>
    <updated_date in_epoch_ms="1668014814000">2022-11-09 17:26:54</updated_date> 
    <released_date in_epoch_ms="1668013906000">2022-11-09 17:11:46</released_date> 
  </patch> 
</results>
