<?xml version="1.0" encoding="UTF-8" standalone="no"?>
<oneoff_inventory>
    <opack_version version="14.1.0.1.14"/>
    <patch_description>Fix for Bug 34713322</patch_description>
    <patch_id number="34713322"/>
    <unique_patch_id>24989914</unique_patch_id>
    <minimum_opatch_version>13.1.0.1.0</minimum_opatch_version>
    <temp_unique_patch_id>-1667223343</temp_unique_patch_id>
    <cannot_autorollback>false</cannot_autorollback>
    <not_rollbackable>false</not_rollbackable>
    <date_of_patch day="31" month="Oct" time="06:35:43 hrs" year="2022" zone="PST8PDT"/>
    <base_bugs>
        <bug description="Fix for Bug 34713322" number="34713322"/>
    </base_bugs>
    <required_components>
        <component internal_name="oracle.sysman.top.agent" opt_req="R" version="13.4.0.0.0"/>
    </required_components>
    <os_platforms>
        <platform id="0" name="Generic Platform 1"/>
    </os_platforms>
    <executables/>
    <instance_shutdown>false</instance_shutdown>
    <instance_shutdown_message/>
    <online_rac_installable>true</online_rac_installable>
    <ojvm>false</ojvm>
    <rhp>false</rhp>
    <two_phase_rolling>false</two_phase_rolling>
    <ru>false</ru>
    <ru_version/>
    <rur>false</rur>
    <rur_version/>
    <run_as_root>false</run_as_root>
    <sql_migrate>false</sql_migrate>
    <wls_prereq_oneoffs/>
    <prereq_oneoffs/>
    <overlay_oneoffs/>
    <patch_type value="singleton"/>
    <patch_language value="en"/>
    <product_family value="db"/>
    <patching_model value="one-off"/>
    <auto>false</auto>
    <translatable>false</translatable>
    <application_dirs/>
    <patch_characteristics>
        <content_type value="generic"/>
    </patch_characteristics>
</oneoff_inventory>
