<!-- This file contain patch Metadata -->
<results md5_sum="10e5c532051447a26f6d90396f055955">
  <generated_date in_epoch_ms="1620930600000">2021-05-13 18:30:00</generated_date>
  <patch has_prereqs="n" has_postreqs="n" is_system_patch="n"> 
    <bug> 
      <number>31404487</number>
      <abstract><![CDATA[CMU-AD: CUMULATIVE FIXES FOR DATABASE 19C & 18C]]></abstract>
    </bug> 
    <name>31404487</name>
    <type>Patch</type>
    <status>Available</status>
    <access id="m">Open access</access> 
    <url> 
      <patch_readme host="https://updates.oracle.com"><![CDATA[/Orion/Services/download?type=readme&aru=23974169]]></patch_readme> 
      <patch_details><![CDATA[/download/31404487.html]]></patch_details>
    </url> 
    <request_id>23974169</request_id>
    <product id="9480" bugdb_id="5"><![CDATA[Oracle Database Family]]></product> 
    <release id="60000000010115210119211" name="19.10.0.0.0DBRU" platform_patch_not_required="Y" psu="Y" cc="Y"><![CDATA[Oracle Database 19.10.0.0.0 DBRU]]></release> 
    <platform id="226" bugdb_id="226"><![CDATA[Linux x86-64]]></platform> 
    <language id="0" iso_code="EN"><![CDATA[American English]]></language> 
    <translations_available>No</translations_available> 
    <classification id="174">General</classification> 
    <patch_classification id="174">General</patch_classification> 
    <support_level id="G">General Support</support_level> 
    <entitlements> 
      <entitlement code="SW"/> 
    </entitlements> 
    <patch_relationships> 
      <related_patch> 
        <bug> 
          <number>32218454</number>
          <abstract><![CDATA[DATABASE RELEASE UPDATE 19.10.0.0.0]]></abstract>
        </bug> 
        <relation_types> 
          <relation_type>Prereq</relation_type> 
        </relation_types> 
        <name>32218454</name>
        <type>Patch</type>
        <patch_details><![CDATA[/Orion/Services/search?bug=32218454&release=600000000018520]]></patch_details>
      </related_patch> 
    </patch_relationships> 
    <fixes_bugs truncated="no"> 
      <bug> 
        <number>31404487</number>
        <abstract><![CDATA[CMU-AD: CUMULATIVE FIXES FOR DATABASE 19C & 18C]]></abstract>
      </bug> 
    </fixes_bugs> 
    <size>1333172</size>
    <files> 
      <file> 
        <name>p31404487_1910000DBRU_Linux-x86-64.zip</name>
        <size>1333172</size>
        <download_url host="https://updates.oracle.com"><![CDATA[/Orion/Services/download/p31404487_1910000DBRU_Linux-x86-64.zip?aru=23974169&patch_file=p31404487_1910000DBRU_Linux-x86-64.zip]]></download_url> 
        <digest type="SHA-1">B64CED5014D6523FB62161EC4B3C98DA13BFC3B4</digest> 
        <digest type="SHA-256">E83E35F68F3D7DEEE82DD4FB0E566DA2433256872B74EAC241D0A2A903B33CC7</digest> 
      </file> 
    </files> 
    <downloads_count>0</downloads_count>
    <updated_date in_epoch_ms="1620930435000">2021-05-13 18:27:15</updated_date> 
    <released_date in_epoch_ms="1620926986000">2021-05-13 17:29:46</released_date> 
  </patch> 
</results>
