<?xml version="1.0" encoding="UTF-8" standalone="no"?>
<oneoff_actions>
    <oracle.rdbms.dbscripts opt_req="O" patch_level="3" version="19.0.0.0.0">
        <onewaycopy backup_in_zip="false" file_name="sqlpatch/31404487/23974169/31404487_apply.sql" name="31404487_apply.sql" path="%ORACLE_HOME%/sqlpatch/31404487/23974169" shaolue="92736EA83A1E38A7CC920EEC0D8C204C74588398"/>
        <onewaycopy backup_in_zip="false" file_name="sqlpatch/31404487/23974169/31404487_rollback.sql" name="31404487_rollback.sql" path="%ORACLE_HOME%/sqlpatch/31404487/23974169" shaolue="F8AA536C2187DF1A3FBB94AF40B35DFF67C04686"/>
        <onewaycopy backup_in_zip="false" file_name="sqlpatch/31404487/23974169/31404487.xml" name="31404487.xml" path="%ORACLE_HOME%/sqlpatch/31404487/23974169" shaolue="0E042198476D81B17AE431851D4402A0B616B121"/>
        <onewaycopy backup_in_zip="false" file_name="sqlpatch/31404487/23974169/rollback_files/19.10.0.0.0-RU-Release_Update-210116033621/rdbms/admin/dbmshtdb.sql" name="dbmshtdb.sql" path="%ORACLE_HOME%/sqlpatch/31404487/23974169/rollback_files/19.10.0.0.0-RU-Release_Update-210116033621/rdbms/admin" shaolue="D874941E7E72A6CE4C109AE802CA15D4A9C138A8"/>
        <onewaycopy backup_in_zip="false" file_name="sqlpatch/31404487/23974169/rollback_files/19.10.0.0.0-RU-Release_Update-210116033621/rdbms/admin/prvthtdb.plb" name="prvthtdb.plb" path="%ORACLE_HOME%/sqlpatch/31404487/23974169/rollback_files/19.10.0.0.0-RU-Release_Update-210116033621/rdbms/admin" shaolue="63E4813A9BA906832A7406CE3E1457B1DC720DAF"/>
        <copy backup_in_zip="false" file_name="rdbms/admin/dbmshtdb.sql" name="dbmshtdb.sql" path="%ORACLE_HOME%/rdbms/admin" retain_permission="true" shaolue="552555AA9F3168276C4E4C1AD2AA4ECF98DAA21C"/>
        <copy backup_in_zip="false" file_name="rdbms/admin/prvthtdb.plb" name="prvthtdb.plb" path="%ORACLE_HOME%/rdbms/admin" retain_permission="true" shaolue="B0F6B98513736DF822447F210F4ADDCA1F14FCD1"/>
    </oracle.rdbms.dbscripts>
    <oracle.rdbms opt_req="O" patch_level="3" version="19.0.0.0.0">
        <archive backup_in_zip="false" name="libserver19.a" object_name="lib/libserver19.a/kkxhtmldb.o" path="%ORACLE_HOME%/lib" shaolue="51BF92B3E42938A1E6647D699DAA1559B6A54737"/>
        <archive backup_in_zip="false" name="libserver19.a" object_name="lib/libserver19.a/kzctx.o" path="%ORACLE_HOME%/lib" shaolue="9230FBA43D049D62D20EDE1CAB2B64C6753F0866"/>
        <archive backup_in_zip="false" name="libserver19.a" object_name="lib/libserver19.a/kzak.o" path="%ORACLE_HOME%/lib" shaolue="35B701A370B21E66FD74409CB09BE9D24EDE648E"/>
        <archive backup_in_zip="false" name="libserver19.a" object_name="lib/libserver19.a/kzal.o" path="%ORACLE_HOME%/lib" shaolue="4C07FE935154C63B1CCF32F8DCC0926234E24DB4"/>
        <archive backup_in_zip="false" name="libserver19.a" object_name="lib/libserver19.a/kzic.o" path="%ORACLE_HOME%/lib" shaolue="AF1A5B7155B9A44BC16475FAC841DD3D77112576"/>
        <archive backup_in_zip="false" name="libserver19.a" object_name="lib/libserver19.a/kzld.o" path="%ORACLE_HOME%/lib" shaolue="E3A81A7CD29DA9E72363AD068DD9190C564FC213"/>
        <archive backup_in_zip="false" name="libserver19.a" object_name="lib/libserver19.a/kzlg.o" path="%ORACLE_HOME%/lib" shaolue="49E3DF65C3A44EF8AE4A6DA8F2E5D04C95B235A9"/>
        <archive backup_in_zip="false" name="libserver19.a" object_name="lib/libserver19.a/kzia.o" path="%ORACLE_HOME%/lib" shaolue="10D200EF26D8AFF11A4D0C4C28250158888A619D"/>
        <archive backup_in_zip="false" name="libserver19.a" object_name="lib/libserver19.a/kzxu.o" path="%ORACLE_HOME%/lib" shaolue="37F2B5614E6D74050ABBFAFA366A2E22B98BA1E6"/>
        <archive backup_in_zip="false" name="libserver19.a" object_name="lib/libserver19.a/kspt.o" path="%ORACLE_HOME%/lib" shaolue="99FDEE5388BF57DF7EFCE27FD7205C21FF9681A9"/>
        <archive backup_in_zip="false" name="libeva19.a" object_name="rdbms/lib/libeva19.a/c_kzctx.o" path="%ORACLE_HOME%/rdbms/lib" shaolue="7B076CE6CAC822A03EDBD2EBE125B7ECEFC88193"/>
        <make change_dir="%ORACLE_HOME%/rdbms/lib" make_file="ins_rdbms.mk" make_target="ioracle"/>
    </oracle.rdbms>
</oneoff_actions>
