<?xml version="1.0" encoding="UTF-8" standalone="no"?>
<oneoff_actions>
    <oracle.javavm.server opt_req="O" version="11.2.0.4.0">
        <copy backup_in_zip="false" file_name="javavm/admin/jox.o" name="jox.o" path="%ORACLE_HOME%/javavm/admin" retain_permission="true" shaolue="5037BB09D5E7B8AF3386FAAD979ED8470B9912D1"/>
        <copy backup_in_zip="false" file_name="javavm/admin/classes.bin" name="classes.bin" path="%ORACLE_HOME%/javavm/admin" retain_permission="true" shaolue="FD85AFE4027DF9487EAE747A6FED365439AEC4D3"/>
        <copy backup_in_zip="false" file_name="lib/libjavavm11.a" name="libjavavm11.a" path="%ORACLE_HOME%/lib" retain_permission="true" shaolue="AA67668D7107D7DF5D1B45A2DEA9E47067884ADA"/>
        <copy backup_in_zip="false" file_name="javavm/lib/sunec.jar" name="sunec.jar" path="%ORACLE_HOME%/javavm/lib" retain_permission="true" shaolue="937A0E1AC060BBE8C9ECE2DD1B11D70548EF3D7C"/>
        <copy backup_in_zip="false" file_name="javavm/lib/jce.jar" name="jce.jar" path="%ORACLE_HOME%/javavm/lib" retain_permission="true" shaolue="46ACE184F95CB93E400110BB03D610F2E68D68F5"/>
        <copy backup_in_zip="false" file_name="javavm/lib/sunjce_provider.jar" name="sunjce_provider.jar" path="%ORACLE_HOME%/javavm/lib" retain_permission="true" shaolue="DAC53E4AC81957E0FF7E6ACE017CF7ADE1451418"/>
        <copy backup_in_zip="false" file_name="javavm/lib/security/java.security" name="java.security" path="%ORACLE_HOME%/javavm/lib/security" retain_permission="true" shaolue="9E58C5B6C70E1254A26F4ACCE6A01E23B7FD3472"/>
        <copy backup_in_zip="false" file_name="javavm/lib/security/cacerts" name="cacerts" path="%ORACLE_HOME%/javavm/lib/security" retain_permission="true" shaolue="60DDB1C43009D0AD602D66C33DDD460C1243A7F7"/>
        <copy backup_in_zip="false" file_name="javavm/lib/security/US_export_policy.jar" name="US_export_policy.jar" path="%ORACLE_HOME%/javavm/lib/security" retain_permission="true" shaolue="18E913BF88DB891D7EB320A04AB5AE7FE0C041E1"/>
        <copy backup_in_zip="false" file_name="javavm/lib/security/local_policy.jar" name="local_policy.jar" path="%ORACLE_HOME%/javavm/lib/security" retain_permission="true" shaolue="33C7D5F86F8F018BED85895610AE0C5C50EE58D6"/>
        <copy backup_in_zip="false" file_name="javavm/install/initdbj.sql" name="initdbj.sql" path="%ORACLE_HOME%/javavm/install" retain_permission="true" shaolue="C2A5872525787F3A13BE86DAF20438A7935C25EA"/>
        <copy backup_in_zip="false" file_name="javavm/install/initsqlj.sql" name="initsqlj.sql" path="%ORACLE_HOME%/javavm/install" retain_permission="true" shaolue="285AF2BCCBEA77972E77145E2A4DACCFFF2DB770"/>
        <copy backup_in_zip="false" file_name="javavm/install/jvmrm.sql" name="jvmrm.sql" path="%ORACLE_HOME%/javavm/install" retain_permission="true" shaolue="6888EB6749E5795EA82D9F357E0A65CBA3628ABC"/>
        <copy backup_in_zip="false" file_name="javavm/install/jvmsec5.sql" name="jvmsec5.sql" path="%ORACLE_HOME%/javavm/install" retain_permission="true" shaolue="F5B734D5E8F50F816E88C30AF0966BE163AD8ECE"/>
        <copy backup_in_zip="false" file_name="rdbms/admin/initdbj.sql" name="initdbj.sql" path="%ORACLE_HOME%/rdbms/admin" retain_permission="true" shaolue="C2A5872525787F3A13BE86DAF20438A7935C25EA"/>
        <copy backup_in_zip="false" file_name="rdbms/admin/initsqlj.sql" name="initsqlj.sql" path="%ORACLE_HOME%/rdbms/admin" retain_permission="true" shaolue="285AF2BCCBEA77972E77145E2A4DACCFFF2DB770"/>
        <onewaycopy backup_in_zip="false" file_name="javavm/install/jvmpsu.sql" name="jvmpsu.sql" path="%ORACLE_HOME%/javavm/install" shaolue="5B9F8E352ED8B63F387DEDF7AEA62660E98F570D"/>
        <onewaycopy backup_in_zip="false" file_name="javavm/install/jvmpsui.sql" name="jvmpsui.sql" path="%ORACLE_HOME%/javavm/install" shaolue="9E0DC7311A3A19F4CFADF258277D0DA654C25FF3"/>
        <onewaycopy backup_in_zip="false" file_name="javavm/install/jvmpsupdi.sql" name="jvmpsupdi.sql" path="%ORACLE_HOME%/javavm/install" shaolue="F8972D2BC150128F44279295AF4638DC8EA71EAD"/>
        <onewaycopy backup_in_zip="false" file_name="javavm/install/jvmpsupdii.sql" name="jvmpsupdii.sql" path="%ORACLE_HOME%/javavm/install" shaolue="EC8A95BC63F135C2279F73FAFB176721573AA7C1"/>
        <onewaycopy backup_in_zip="false" file_name="javavm/install/jvmpsupi.sql" name="jvmpsupi.sql" path="%ORACLE_HOME%/javavm/install" shaolue="FAE65C4BD06238679BFBF08A5FC91A4D084B382D"/>
        <onewaycopy backup_in_zip="false" file_name="javavm/install/jvmpsupii.sql" name="jvmpsupii.sql" path="%ORACLE_HOME%/javavm/install" shaolue="9AA837EA86E3BB740646B69429EFE63F768037A3"/>
        <onewaycopy backup_in_zip="false" file_name="javavm/install/jvmursc.sql" name="jvmursc.sql" path="%ORACLE_HOME%/javavm/install" shaolue="C1F0263BB432964C95DA640FE6B42EB16DD265BA"/>
        <onewaycopy backup_in_zip="false" file_name="javavm/install/jvmpsu1.sql" name="jvmpsu1.sql" path="%ORACLE_HOME%/javavm/install" shaolue="8B2D822FE1D6738866C50A9F20E346C9BCD97847"/>
    </oracle.javavm.server>
    <oracle.precomp.common opt_req="O" version="11.2.0.4.0">
        <copy backup_in_zip="false" file_name="javavm/lib/aurora.zip" name="aurora.zip" path="%ORACLE_HOME%/javavm/lib" retain_permission="true" shaolue="D907002494817DC24B8A1583AAAB63D830F77467"/>
        <copy backup_in_zip="false" file_name="javavm/lib/aurora_tool.zip" name="aurora_tool.zip" path="%ORACLE_HOME%/javavm/lib" retain_permission="true" shaolue="693DCE7994DCD780B288A00537FAEDF48D7C30D5"/>
    </oracle.precomp.common>
    <oracle.rdbms opt_req="O" version="11.2.0.4.0">
        <make change_dir="%ORACLE_HOME%/rdbms/lib" make_file="ins_rdbms.mk" make_target="jox_refresh_knlopt"/>
        <make change_dir="%ORACLE_HOME%/rdbms/lib" make_file="ins_rdbms.mk" make_target="ioracle"/>
    </oracle.rdbms>
    <oracle.rdbms.dbscripts opt_req="O" version="11.2.0.4.0">
        <onewaycopy backup_in_zip="false" file_name="sqlpatch/31668908/postinstall.sql" name="postinstall.sql" path="%ORACLE_HOME%/sqlpatch/31668908" shaolue="785671BD43D0F4E996981D4E88A75E60CBAF4055"/>
        <onewaycopy backup_in_zip="false" file_name="sqlpatch/31668908/postdeinstall.sql" name="postdeinstall.sql" path="%ORACLE_HOME%/sqlpatch/31668908" shaolue="46122AF74BB1BC4DE281C443340098DC134C3FFD"/>
    </oracle.rdbms.dbscripts>
    <oracle.sqlj opt_req="O" version="11.2.0.4.0">
        <copy backup_in_zip="false" file_name="sqlj/lib/sqljutl.jar" name="sqljutl.jar" path="%ORACLE_HOME%/sqlj/lib" retain_permission="true" shaolue="6D4456E713B6DA82329EC304D47F4B5FF21E2128"/>
        <copy backup_in_zip="false" file_name="jpub/sql/sqljutl2.sql" name="sqljutl2.sql" path="%ORACLE_HOME%/jpub/sql" retain_permission="true" shaolue="E215E5C36983F6B2D128F7CF5D6E9A1F1281BF1B"/>
    </oracle.sqlj>
    <oracle.sqlj.companion opt_req="O" version="11.2.0.4.0">
        <copy backup_in_zip="false" file_name="jpub/demo/README.txt" name="README.txt" path="%ORACLE_HOME%/jpub/demo" retain_permission="true" shaolue="F95A85CE67F52E39952ACF106DC47F985F75553B"/>
    </oracle.sqlj.companion>
    <oracle.javavm.client opt_req="O" version="11.2.0.4.0">
        <copy backup_in_zip="false" file_name="javavm/lib/aurora.zip" name="aurora.zip" path="%ORACLE_HOME%/javavm/lib" retain_permission="true" shaolue="D907002494817DC24B8A1583AAAB63D830F77467"/>
        <copy backup_in_zip="false" file_name="javavm/lib/aurora_tool.zip" name="aurora_tool.zip" path="%ORACLE_HOME%/javavm/lib" retain_permission="true" shaolue="693DCE7994DCD780B288A00537FAEDF48D7C30D5"/>
        <copy backup_in_zip="false" file_name="javavm/install/sbs/dropjava.sbs" name="dropjava.sbs" path="%ORACLE_HOME%/javavm/install/sbs" retain_permission="true" shaolue="54BBACEC090274F2C74F05E88504B5FA4D4C4AFE"/>
        <copy backup_in_zip="false" file_name="javavm/install/sbs/loadjava.sbs" name="loadjava.sbs" path="%ORACLE_HOME%/javavm/install/sbs" retain_permission="true" shaolue="40E19470E230A85A4162EF76250300AB1F3A14E3"/>
        <copy backup_in_zip="false" file_name="javavm/install/sbs/ojvmjava.sbs" name="ojvmjava.sbs" path="%ORACLE_HOME%/javavm/install/sbs" retain_permission="true" shaolue="101FDD1AE28444742276EC44002F14CCFFEE51D3"/>
        <copy backup_in_zip="false" file_name="javavm/install/sbs/ojvmtc.sbs" name="ojvmtc.sbs" path="%ORACLE_HOME%/javavm/install/sbs" retain_permission="true" shaolue="DCBCA63D0DB116249BB93BC23D272D4CA39824D1"/>
        <copy backup_in_zip="false" file_name="javavm/install/sbs/sbs_installer.pl" name="sbs_installer.pl" path="%ORACLE_HOME%/javavm/install/sbs" retain_permission="true" shaolue="B13EDE4D58887A9E9190709BD6688D28C940EEE0"/>
        <copy backup_in_zip="false" file_name="javavm/install/sbs/roll_back.pl" name="roll_back.pl" path="%ORACLE_HOME%/javavm/install/sbs" retain_permission="true" shaolue="50DA069D12E1ED649EA650A0D5809E6946768830"/>
    </oracle.javavm.client>
    <oracle.dbjava.jdbc opt_req="O" version="11.2.0.4.0">
        <jar backup_in_zip="false" class_name="jdbc/lib/ojdbc5_g.jar/oracle/jdbc/OracleDatabaseMetaData.class" name="ojdbc5_g.jar" path="%ORACLE_HOME%/jdbc/lib" shaolue="590BBABDCDBE8E3E43C61249171BA1C2E704D222"/>
        <jar backup_in_zip="false" class_name="jdbc/lib/ojdbc5_g.jar/oracle/jdbc/driver/OracleSql$1.class" name="ojdbc5_g.jar" path="%ORACLE_HOME%/jdbc/lib" shaolue="5BE55D0BCB81394B469F33A4DC1890C3B0AA9295"/>
        <jar backup_in_zip="false" class_name="jdbc/lib/ojdbc5_g.jar/oracle/jdbc/driver/OracleSql$ParseMode.class" name="ojdbc5_g.jar" path="%ORACLE_HOME%/jdbc/lib" shaolue="F5EC775A8C4057A0946AF9A482674B2C3EFF3472"/>
        <jar backup_in_zip="false" class_name="jdbc/lib/ojdbc5_g.jar/oracle/jdbc/driver/OracleSql.class" name="ojdbc5_g.jar" path="%ORACLE_HOME%/jdbc/lib" shaolue="55B0229D1723DF95A183325F12D044118F31FC4E"/>
        <jar backup_in_zip="false" class_name="jdbc/lib/ojdbc5_g.jar/oracle/jdbc/driver/T4CConnection$1.class" name="ojdbc5_g.jar" path="%ORACLE_HOME%/jdbc/lib" shaolue="056ED73A9921F35631EFA32A3DD5A20C27797354"/>
        <jar backup_in_zip="false" class_name="jdbc/lib/ojdbc5_g.jar/oracle/jdbc/driver/T4CConnection.class" name="ojdbc5_g.jar" path="%ORACLE_HOME%/jdbc/lib" shaolue="8CA465043DC2BEB2034A7F347D5320D22158BDD1"/>
        <jar backup_in_zip="false" class_name="jdbc/lib/ojdbc5_g.jar/oracle/jdbc/oracore/OracleTypeCOLLECTION.class" name="ojdbc5_g.jar" path="%ORACLE_HOME%/jdbc/lib" shaolue="D6FDB6EFF08A2E18CEAF0F1104CF5379A33FDD8F"/>
        <jar backup_in_zip="false" class_name="jdbc/lib/ojdbc5_g.jar/oracle/net/resolver/AddrResolution.class" name="ojdbc5_g.jar" path="%ORACLE_HOME%/jdbc/lib" shaolue="38C2421419A9C1D0EC798E5C99FC8417E86EA608"/>
        <jar backup_in_zip="false" class_name="jdbc/lib/ojdbc5dms.jar/oracle/jdbc/OracleDatabaseMetaData.class" name="ojdbc5dms.jar" path="%ORACLE_HOME%/jdbc/lib" shaolue="089234762384C24E142B6EC4AD821A682AA4E0D4"/>
        <jar backup_in_zip="false" class_name="jdbc/lib/ojdbc5dms.jar/oracle/jdbc/driver/OracleSql$1.class" name="ojdbc5dms.jar" path="%ORACLE_HOME%/jdbc/lib" shaolue="E28E3B85E45029EE8096681F33EEEC5980BF8B4F"/>
        <jar backup_in_zip="false" class_name="jdbc/lib/ojdbc5dms.jar/oracle/jdbc/driver/OracleSql$ParseMode.class" name="ojdbc5dms.jar" path="%ORACLE_HOME%/jdbc/lib" shaolue="A5F15A4322593F6790DD91E81BAB41B371649411"/>
        <jar backup_in_zip="false" class_name="jdbc/lib/ojdbc5dms.jar/oracle/jdbc/driver/OracleSql.class" name="ojdbc5dms.jar" path="%ORACLE_HOME%/jdbc/lib" shaolue="A977C87D604D60391340ACD53E72E3A7F75FE65F"/>
        <jar backup_in_zip="false" class_name="jdbc/lib/ojdbc5dms.jar/oracle/jdbc/driver/T4CConnection$1.class" name="ojdbc5dms.jar" path="%ORACLE_HOME%/jdbc/lib" shaolue="5A09E1035B6C8D6D03D59C1E7302767EAB951273"/>
        <jar backup_in_zip="false" class_name="jdbc/lib/ojdbc5dms.jar/oracle/jdbc/driver/T4CConnection.class" name="ojdbc5dms.jar" path="%ORACLE_HOME%/jdbc/lib" shaolue="32B51E5080B5DB6A199FCACCC10A2A40E7BDCE6E"/>
        <jar backup_in_zip="false" class_name="jdbc/lib/ojdbc5dms.jar/oracle/jdbc/oracore/OracleTypeCOLLECTION.class" name="ojdbc5dms.jar" path="%ORACLE_HOME%/jdbc/lib" shaolue="FEE29C0A8EC3E42F1A4A24BB8636975DAF84842C"/>
        <jar backup_in_zip="false" class_name="jdbc/lib/ojdbc5dms.jar/oracle/net/resolver/AddrResolution.class" name="ojdbc5dms.jar" path="%ORACLE_HOME%/jdbc/lib" shaolue="464830E2C727E07B48C9851DC6864858BFAF4B30"/>
        <jar backup_in_zip="false" class_name="jdbc/lib/ojdbc5dms_g.jar/oracle/jdbc/OracleDatabaseMetaData.class" name="ojdbc5dms_g.jar" path="%ORACLE_HOME%/jdbc/lib" shaolue="590BBABDCDBE8E3E43C61249171BA1C2E704D222"/>
        <jar backup_in_zip="false" class_name="jdbc/lib/ojdbc5dms_g.jar/oracle/jdbc/driver/OracleSql$1.class" name="ojdbc5dms_g.jar" path="%ORACLE_HOME%/jdbc/lib" shaolue="5BE55D0BCB81394B469F33A4DC1890C3B0AA9295"/>
        <jar backup_in_zip="false" class_name="jdbc/lib/ojdbc5dms_g.jar/oracle/jdbc/driver/OracleSql$ParseMode.class" name="ojdbc5dms_g.jar" path="%ORACLE_HOME%/jdbc/lib" shaolue="F5EC775A8C4057A0946AF9A482674B2C3EFF3472"/>
        <jar backup_in_zip="false" class_name="jdbc/lib/ojdbc5dms_g.jar/oracle/jdbc/driver/OracleSql.class" name="ojdbc5dms_g.jar" path="%ORACLE_HOME%/jdbc/lib" shaolue="55B0229D1723DF95A183325F12D044118F31FC4E"/>
        <jar backup_in_zip="false" class_name="jdbc/lib/ojdbc5dms_g.jar/oracle/jdbc/driver/T4CConnection$1.class" name="ojdbc5dms_g.jar" path="%ORACLE_HOME%/jdbc/lib" shaolue="20F84C1FB09C21E7843B9B7FA54CE92C8A3B7707"/>
        <jar backup_in_zip="false" class_name="jdbc/lib/ojdbc5dms_g.jar/oracle/jdbc/driver/T4CConnection.class" name="ojdbc5dms_g.jar" path="%ORACLE_HOME%/jdbc/lib" shaolue="4782E25CDE3C586A0CDF878466F684EB3CD273EC"/>
        <jar backup_in_zip="false" class_name="jdbc/lib/ojdbc5dms_g.jar/oracle/jdbc/oracore/OracleTypeCOLLECTION.class" name="ojdbc5dms_g.jar" path="%ORACLE_HOME%/jdbc/lib" shaolue="D6FDB6EFF08A2E18CEAF0F1104CF5379A33FDD8F"/>
        <jar backup_in_zip="false" class_name="jdbc/lib/ojdbc5dms_g.jar/oracle/net/resolver/AddrResolution.class" name="ojdbc5dms_g.jar" path="%ORACLE_HOME%/jdbc/lib" shaolue="28AD7C572F62D049C3B12AC914E6B56A3527877C"/>
        <jar backup_in_zip="false" class_name="jdbc/lib/ojdbc6_g.jar/oracle/jdbc/OracleDatabaseMetaData.class" name="ojdbc6_g.jar" path="%ORACLE_HOME%/jdbc/lib" shaolue="5A1A07857710BA2021006D4985C84CE85F213414"/>
        <jar backup_in_zip="false" class_name="jdbc/lib/ojdbc6_g.jar/oracle/jdbc/driver/OracleSql$1.class" name="ojdbc6_g.jar" path="%ORACLE_HOME%/jdbc/lib" shaolue="C673F15847255765F9B253F948EA134155A2894D"/>
        <jar backup_in_zip="false" class_name="jdbc/lib/ojdbc6_g.jar/oracle/jdbc/driver/OracleSql$ParseMode.class" name="ojdbc6_g.jar" path="%ORACLE_HOME%/jdbc/lib" shaolue="6E55FFF5CBADF1031656D885F7DAA233B5A17D65"/>
        <jar backup_in_zip="false" class_name="jdbc/lib/ojdbc6_g.jar/oracle/jdbc/driver/OracleSql.class" name="ojdbc6_g.jar" path="%ORACLE_HOME%/jdbc/lib" shaolue="F11C7E4C3C410C57E6F2A1123245A7D40A4DCDD2"/>
        <jar backup_in_zip="false" class_name="jdbc/lib/ojdbc6_g.jar/oracle/jdbc/driver/T4CConnection$1.class" name="ojdbc6_g.jar" path="%ORACLE_HOME%/jdbc/lib" shaolue="05BC820DEB402A2F9E899525D9D009203E83D4AE"/>
        <jar backup_in_zip="false" class_name="jdbc/lib/ojdbc6_g.jar/oracle/jdbc/driver/T4CConnection.class" name="ojdbc6_g.jar" path="%ORACLE_HOME%/jdbc/lib" shaolue="317A69B147CB05919376E6161BE1E0AEB2C7ECD7"/>
        <jar backup_in_zip="false" class_name="jdbc/lib/ojdbc6_g.jar/oracle/jdbc/oracore/OracleTypeCOLLECTION.class" name="ojdbc6_g.jar" path="%ORACLE_HOME%/jdbc/lib" shaolue="4B1DF2AF471411D8823F1076982414A10237E510"/>
        <jar backup_in_zip="false" class_name="jdbc/lib/ojdbc6_g.jar/oracle/net/resolver/AddrResolution.class" name="ojdbc6_g.jar" path="%ORACLE_HOME%/jdbc/lib" shaolue="89A8B27E0259783F95754C47142E8BD9650B121F"/>
        <jar backup_in_zip="false" class_name="jdbc/lib/ojdbc6dms.jar/oracle/jdbc/OracleDatabaseMetaData.class" name="ojdbc6dms.jar" path="%ORACLE_HOME%/jdbc/lib" shaolue="0579DE9AECC0D18F9DEC87EC4AE5606B2B0DD363"/>
        <jar backup_in_zip="false" class_name="jdbc/lib/ojdbc6dms.jar/oracle/jdbc/driver/OracleSql$1.class" name="ojdbc6dms.jar" path="%ORACLE_HOME%/jdbc/lib" shaolue="8DDC26FE4F2E877917E3F96F84FF2A81E9B4FE29"/>
        <jar backup_in_zip="false" class_name="jdbc/lib/ojdbc6dms.jar/oracle/jdbc/driver/OracleSql$ParseMode.class" name="ojdbc6dms.jar" path="%ORACLE_HOME%/jdbc/lib" shaolue="3D2478B835782EFCC5F273AD15178A2F6803C746"/>
        <jar backup_in_zip="false" class_name="jdbc/lib/ojdbc6dms.jar/oracle/jdbc/driver/OracleSql.class" name="ojdbc6dms.jar" path="%ORACLE_HOME%/jdbc/lib" shaolue="6BA4CCD8F8C1B1454F00BC9541D6636964A58C02"/>
        <jar backup_in_zip="false" class_name="jdbc/lib/ojdbc6dms.jar/oracle/jdbc/driver/T4CConnection$1.class" name="ojdbc6dms.jar" path="%ORACLE_HOME%/jdbc/lib" shaolue="068BBB1E90B490EC7112CF5918F1D61111B07B0F"/>
        <jar backup_in_zip="false" class_name="jdbc/lib/ojdbc6dms.jar/oracle/jdbc/driver/T4CConnection.class" name="ojdbc6dms.jar" path="%ORACLE_HOME%/jdbc/lib" shaolue="59826C74FCB908E50925CC4BDCB3240488D069BD"/>
        <jar backup_in_zip="false" class_name="jdbc/lib/ojdbc6dms.jar/oracle/jdbc/oracore/OracleTypeCOLLECTION.class" name="ojdbc6dms.jar" path="%ORACLE_HOME%/jdbc/lib" shaolue="4C4EE11258BFC50C2F1A1AD210F17C033AB448FB"/>
        <jar backup_in_zip="false" class_name="jdbc/lib/ojdbc6dms.jar/oracle/net/resolver/AddrResolution.class" name="ojdbc6dms.jar" path="%ORACLE_HOME%/jdbc/lib" shaolue="947CDE1F3AC3B4C0B9A4A20A10A712950B5D3712"/>
        <jar backup_in_zip="false" class_name="jdbc/lib/ojdbc6dms_g.jar/oracle/jdbc/OracleDatabaseMetaData.class" name="ojdbc6dms_g.jar" path="%ORACLE_HOME%/jdbc/lib" shaolue="5A1A07857710BA2021006D4985C84CE85F213414"/>
        <jar backup_in_zip="false" class_name="jdbc/lib/ojdbc6dms_g.jar/oracle/jdbc/driver/OracleSql$1.class" name="ojdbc6dms_g.jar" path="%ORACLE_HOME%/jdbc/lib" shaolue="C673F15847255765F9B253F948EA134155A2894D"/>
        <jar backup_in_zip="false" class_name="jdbc/lib/ojdbc6dms_g.jar/oracle/jdbc/driver/OracleSql$ParseMode.class" name="ojdbc6dms_g.jar" path="%ORACLE_HOME%/jdbc/lib" shaolue="6E55FFF5CBADF1031656D885F7DAA233B5A17D65"/>
        <jar backup_in_zip="false" class_name="jdbc/lib/ojdbc6dms_g.jar/oracle/jdbc/driver/OracleSql.class" name="ojdbc6dms_g.jar" path="%ORACLE_HOME%/jdbc/lib" shaolue="F11C7E4C3C410C57E6F2A1123245A7D40A4DCDD2"/>
        <jar backup_in_zip="false" class_name="jdbc/lib/ojdbc6dms_g.jar/oracle/jdbc/driver/T4CConnection$1.class" name="ojdbc6dms_g.jar" path="%ORACLE_HOME%/jdbc/lib" shaolue="9DB9B6CF11EC647D67068C849E91CBEBA366EB3A"/>
        <jar backup_in_zip="false" class_name="jdbc/lib/ojdbc6dms_g.jar/oracle/jdbc/driver/T4CConnection.class" name="ojdbc6dms_g.jar" path="%ORACLE_HOME%/jdbc/lib" shaolue="7104F99CE3C63BB710E354C8C1EAF71178C59896"/>
        <jar backup_in_zip="false" class_name="jdbc/lib/ojdbc6dms_g.jar/oracle/jdbc/oracore/OracleTypeCOLLECTION.class" name="ojdbc6dms_g.jar" path="%ORACLE_HOME%/jdbc/lib" shaolue="4B1DF2AF471411D8823F1076982414A10237E510"/>
        <jar backup_in_zip="false" class_name="jdbc/lib/ojdbc6dms_g.jar/oracle/net/resolver/AddrResolution.class" name="ojdbc6dms_g.jar" path="%ORACLE_HOME%/jdbc/lib" shaolue="E83E12534384CB8DDD5D5A542E8DED14669575F1"/>
    </oracle.dbjava.jdbc>
    <oracle.dbjava.ic opt_req="O" version="11.2.0.4.0">
        <jar backup_in_zip="false" class_name="jdbc/lib/ojdbc5.jar/oracle/jdbc/OracleDatabaseMetaData.class" name="ojdbc5.jar" path="%ORACLE_HOME%/jdbc/lib" shaolue="EEEA038522C5E9CE1A10B44C163922A7B5FFB4B2"/>
        <jar backup_in_zip="false" class_name="jdbc/lib/ojdbc5.jar/oracle/jdbc/driver/OracleSql$1.class" name="ojdbc5.jar" path="%ORACLE_HOME%/jdbc/lib" shaolue="4CE586C49D01CE4C4AE820E2A211DB4D408ADAF1"/>
        <jar backup_in_zip="false" class_name="jdbc/lib/ojdbc5.jar/oracle/jdbc/driver/OracleSql$ParseMode.class" name="ojdbc5.jar" path="%ORACLE_HOME%/jdbc/lib" shaolue="D31D89089AC91EF5406A89EF096C8724E03182DB"/>
        <jar backup_in_zip="false" class_name="jdbc/lib/ojdbc5.jar/oracle/jdbc/driver/OracleSql.class" name="ojdbc5.jar" path="%ORACLE_HOME%/jdbc/lib" shaolue="0A56F6CDDCDDC310FC7EA221AAD9D8164E6F76D3"/>
        <jar backup_in_zip="false" class_name="jdbc/lib/ojdbc5.jar/oracle/jdbc/driver/T4CConnection$1.class" name="ojdbc5.jar" path="%ORACLE_HOME%/jdbc/lib" shaolue="60DBF146B44D97F54D2A1D5266B6C73714AD8A2E"/>
        <jar backup_in_zip="false" class_name="jdbc/lib/ojdbc5.jar/oracle/jdbc/driver/T4CConnection.class" name="ojdbc5.jar" path="%ORACLE_HOME%/jdbc/lib" shaolue="1095E3F1F5B947A761A49AAA198875A3BD5E4D9D"/>
        <jar backup_in_zip="false" class_name="jdbc/lib/ojdbc5.jar/oracle/jdbc/oracore/OracleTypeCOLLECTION.class" name="ojdbc5.jar" path="%ORACLE_HOME%/jdbc/lib" shaolue="A4CC7DE55A67DDF93BFF8FA34432EA3923BCDECC"/>
        <jar backup_in_zip="false" class_name="jdbc/lib/ojdbc5.jar/oracle/net/resolver/AddrResolution.class" name="ojdbc5.jar" path="%ORACLE_HOME%/jdbc/lib" shaolue="D8F0B41D59B0F810DC52D0136CB8DCA7B6C4497E"/>
        <jar backup_in_zip="false" class_name="jdbc/lib/ojdbc6.jar/oracle/jdbc/OracleDatabaseMetaData.class" name="ojdbc6.jar" path="%ORACLE_HOME%/jdbc/lib" shaolue="4E6DDF3BB37943C40CC5F4579C796D638F586FD3"/>
        <jar backup_in_zip="false" class_name="jdbc/lib/ojdbc6.jar/oracle/jdbc/driver/OracleSql$1.class" name="ojdbc6.jar" path="%ORACLE_HOME%/jdbc/lib" shaolue="C8FAD31E236188962AB75FE5D40E54445AB40589"/>
        <jar backup_in_zip="false" class_name="jdbc/lib/ojdbc6.jar/oracle/jdbc/driver/OracleSql$ParseMode.class" name="ojdbc6.jar" path="%ORACLE_HOME%/jdbc/lib" shaolue="34D75751F64D32195BFCAA0581BE55C8996CE785"/>
        <jar backup_in_zip="false" class_name="jdbc/lib/ojdbc6.jar/oracle/jdbc/driver/OracleSql.class" name="ojdbc6.jar" path="%ORACLE_HOME%/jdbc/lib" shaolue="BB141B43BDC9F4820A2C52544142DAA2D5A3B215"/>
        <jar backup_in_zip="false" class_name="jdbc/lib/ojdbc6.jar/oracle/jdbc/driver/T4CConnection$1.class" name="ojdbc6.jar" path="%ORACLE_HOME%/jdbc/lib" shaolue="3780AF7CFDF3A255A7A24EEAF18EC02767AE69C3"/>
        <jar backup_in_zip="false" class_name="jdbc/lib/ojdbc6.jar/oracle/jdbc/driver/T4CConnection.class" name="ojdbc6.jar" path="%ORACLE_HOME%/jdbc/lib" shaolue="F773854CA42880C6CE17924E1EC7BC299EE51E26"/>
        <jar backup_in_zip="false" class_name="jdbc/lib/ojdbc6.jar/oracle/jdbc/oracore/OracleTypeCOLLECTION.class" name="ojdbc6.jar" path="%ORACLE_HOME%/jdbc/lib" shaolue="078CB2B30AA68F085D2472FB2F7D99272CB9365F"/>
        <jar backup_in_zip="false" class_name="jdbc/lib/ojdbc6.jar/oracle/net/resolver/AddrResolution.class" name="ojdbc6.jar" path="%ORACLE_HOME%/jdbc/lib" shaolue="7E934FF0E022CDB56B972875F48E20ADA425C665"/>
    </oracle.dbjava.ic>
</oneoff_actions>
