<?xml version="1.0" encoding="UTF-8" standalone="no"?>
<oneoff_inventory>
    <opack_version version="14.1.0.1.9"/>
    <patch_description>OJVM PATCH SET UPDATE 11.2.0.4.201020</patch_description>
    <patch_id number="31668908"/>
    <unique_patch_id>23831337</unique_patch_id>
    <minimum_opatch_version>11.2.0.3.6</minimum_opatch_version>
    <temp_unique_patch_id>-1600925148</temp_unique_patch_id>
    <cannot_autorollback>false</cannot_autorollback>
    <date_of_patch day="23" month="Sep" time="22:25:48 hrs" year="2020" zone="PST8PDT"/>
    <base_bugs>
        <bug description="ORACLE JAVAVM COMPONENT 11.2.0.4.160719 DATABASE PSU - GENERIC JDBC PATCH" number="23727132"/>
        <bug description="FIX TO ADDRESS JOX.O CONFLICT BETWEEN OJVM AND OTHER BUNDLES [JAVAVM SIDE FIX]" number="19554117"/>
        <bug description="FIX FOR BUG 19006757" number="19006757"/>
        <bug description="FIX FOR BUG 14774730" number="14774730"/>
        <bug description="ORA-29532; JAVA CALL TERMINATED BY UNCAUGHT JAVA EXCEPTION; JAVA.LANG.ILLEGALMON" number="18933818"/>
        <bug description="LOW QUALITY FONT IMAGE FILE CREATED USING JAVA CLASS AFTER UPGRADE TO 11.2.0.4" number="18458318"/>
        <bug description="JAVA STORED PROCEDURE FAILS WITH ORA-29532 IN 11.2.0.4" number="18166577"/>
        <bug description="FIX FOR BUG 19231857" number="19231857"/>
        <bug description="FIX FOR BUG 19153980" number="19153980"/>
        <bug description="FIX FOR BUG 19058059" number="19058059"/>
        <bug description="FIX FOR BUG 19007266" number="19007266"/>
        <bug description="FIX FOR BUG 17285560" number="17285560"/>
        <bug description="FIX FOR BUG 17201047" number="17201047"/>
        <bug description="FIX FOR BUG 17056813" number="17056813"/>
        <bug description="FIX FOR BUG 19223010" number="19223010"/>
        <bug description="ORACLE JAVAVM COMPONENT 11.2.0.4.1 DATABASE PSU - GENERIC JDBC PATCH (OCT2014)" number="19852360"/>
        <bug description="IMPROVEMENTS NEEDED FOR OJVM PSU" number="19909862"/>
        <bug description="Fix for Bug 19895326" number="19895326"/>
        <bug description="JAVAVM RELEASE VERSION NOT CORRECTLY PARSED FROM PSU LABEL NAMES" number="19374518"/>
        <bug description="Fix for Bug 20408829" number="20408829"/>
        <bug description="Fix for Bug 21047766" number="21047766"/>
        <bug description="Fix for Bug 21566944" number="21566944"/>
        <bug description="Fix for Bug 19176885" number="19176885"/>
        <bug description="SET COLLECTION TYPE AS A BIND VARIABLE IS VERY SLOW AFTER UPGRADE TO 11.2.0.4" number="17804361"/>
        <bug description="ORA-29532 ON JAVAMAIL API AFTER UPGRADE TO 11.2.0.4" number="17528315"/>
        <bug description="UPDATE NEEDED TO VERSION FILES FOR OJVM PSU5" number="21811517"/>
        <bug description="ORA-07445[JOEVM_INVOKEVIRTUAL()+584] AFTER APPLYING THE COMBO PATCH 21744343" number="22253904"/>
        <bug description="QUERIES FROM JDBC DRIVER RESULT IN CURSOR LEAK" number="19187988"/>
        <bug description="ORA-29548 EVEN AFTER OJVM PSU POST-INSTALL IS RUN" number="21911849"/>
        <bug description="Fix for Bug 22118835" number="22118835"/>
        <bug description="Fix for Bug 22670385" number="22670385"/>
        <bug description="Fix for Bug 23265914" number="23265914"/>
        <bug description="Fix for Bug 22675136" number="22675136"/>
        <bug description="Fix for Bug 24448240" number="24448240"/>
        <bug description="ORA-29548 CONTINUES TO OCCUR ON A RAC NODE EVEN AFTER OJVM PSU POST-INSTALL" number="25067795"/>
        <bug description="EXIT THE SESSION WHILE ROLLING PATCHING FOR AN OJVM SESSION THAT MISMATCHES" number="24534298"/>
        <bug description="Fix for Bug 25076732" number="25076732"/>
        <bug description="Fix for Bug 25494379" number="25494379"/>
        <bug description="FIX FOR BUG 26023002" number="26023002"/>
        <bug description="REMOVE CHECK FROM JVMPSU.SQL FOR JAVAVM BEING VALID" number="19699946"/>
        <bug description="FIX FOR BUG 26637592" number="26637592"/>
        <bug description="Fix for Bug 27000663" number="27000663"/>
        <bug description="Fix for Bug 25649873" number="25649873"/>
        <bug description="Fix for Bug 27461842" number="27461842"/>
        <bug description="Fix for Bug 27952577" number="27952577"/>
        <bug description="Fix for Bug 27642235" number="27642235"/>
        <bug description="Fix for Bug 28502128" number="28502128"/>
        <bug description="Fix for Bug 28915933" number="28915933"/>
        <bug description="Fix for Bug 29254615" number="29254615"/>
        <bug description="Fix for Bug 29774367" number="29774367"/>
        <bug description="Fix for Bug 29992392" number="29992392"/>
        <bug description="Fix for Bug 29448234" number="29448234"/>
        <bug description="Fix for Bug 30160639" number="30160639"/>
        <bug description="Fix for Bug 30534664" number="30534664"/>
        <bug description="Fix for Bug 30855121" number="30855121"/>
        <bug description="Fix for Bug 31306274" number="31306274"/>
        <bug description="JOXRV55_PUNT_RESOLUTION IS MISSING KGESEC0(GP, KGEFAC(GP)OER(29555)) AFTER PORTING JDK7" number="30772207"/>
        <bug description="INT12210XB4 INVENTORY TRANSACTIONS FAILING WITH ERROR CODE-29532,MSG ORA-29532 JAVA CALL TERMINATED" number="31476032"/>
        <bug description="SPIN OFF 30322966 AFTER APPLYING 2 CPU DB PATCHES IN ORACLE, API CALL IS TAKING CONSIDERABLY MORE" number="30561292"/>
        <bug description="JAVA STORED PROCEDURE RESULTS IN ORA-7445 AND CODE FAILS WITH ORA-03113 ERROR" number="28394726"/>
        <bug description="CIPHER TLS_ECDHE_RSA_WITH_AES_128_CBC MISSING SUNEC SECURITY PROVIDER IN JDK 1.7/JDK 1.8" number="26716835"/>
        <bug description="SR18.1CDBPROXY - TRC - MEMORY LEAK JOXUTOP HEAP" number="24817447"/>
        <bug description="ORA-07445 EXCEPTION ENCOUNTERED CORE DUMP [JOX_ENTER_CALL()+188]" number="23082876"/>
        <bug description="Fix for Bug 31668867" number="31668867"/>
    </base_bugs>
    <required_components>
        <component internal_name="oracle.javavm.server" opt_req="O" version="11.2.0.4.0"/>
        <component internal_name="oracle.precomp.common" opt_req="O" version="11.2.0.4.0"/>
        <component internal_name="oracle.rdbms" opt_req="O" version="11.2.0.4.0"/>
        <component internal_name="oracle.rdbms.dbscripts" opt_req="O" version="11.2.0.4.0"/>
        <component internal_name="oracle.sqlj" opt_req="O" version="11.2.0.4.0"/>
        <component internal_name="oracle.sqlj.companion" opt_req="O" version="11.2.0.4.0"/>
        <component internal_name="oracle.javavm.client" opt_req="O" version="11.2.0.4.0"/>
        <component internal_name="oracle.dbjava.jdbc" opt_req="O" version="11.2.0.4.0"/>
        <component internal_name="oracle.dbjava.ic" opt_req="O" version="11.2.0.4.0"/>
    </required_components>
    <os_platforms>
        <platform id="23" name="Sun SPARC Solaris (64-BIT)"/>
    </os_platforms>
    <executables>
        <executable path="%ORACLE_HOME%/bin/oracle"/>
    </executables>
    <instance_shutdown>true</instance_shutdown>
    <instance_shutdown_message/>
    <online_rac_installable>false</online_rac_installable>
    <run_as_root>false</run_as_root>
    <sql_migrate>false</sql_migrate>
    <wls_prereq_oneoffs/>
    <prereq_oneoffs/>
    <overlay_oneoffs/>
    <patch_type sub_type="update" value="singleton"/>
    <patch_language value="en"/>
    <product_family value="db"/>
    <patching_model value="one-off"/>
    <auto>false</auto>
    <translatable>false</translatable>
    <application_dirs/>
    <patch_characteristics>
        <content_type value="generic"/>
    </patch_characteristics>
</oneoff_inventory>
