<?xml version="1.0" encoding="utf-8"?>
<sqlPatch ID="31404487" uniquePatchID="23974169" applicationPatch="NO" jvm="NO" startupMode="normal" estimatedApplyTime="5" estimatedRollbackTime="5" buildTimestamp="210401162300" buildDescription="NONE" patchType="INTERIM" featureVersion="19" ruVersion="19.10.0.0.0">

<patchDescription>CMU AD CUMULATIVE FIXES FOR DATABASE 19C 18C</patchDescription>

<!-- All components contained in this patch -->
<components>
  <component sequence="1">CATPROC</component>
</components>

<!--  All files contained in this patch -->
<sqlFiles>
    <file mode="apply,rollback" new="yes" estimatedTime="5" component="CATPROC" sequence="1">rdbms/admin/dbmshtdb.sql</file>
    <file mode="apply,rollback" new="yes" estimatedTime="5" component="CATPROC" sequence="1">rdbms/admin/prvthtdb.plb</file>
</sqlFiles>

<ruData>
</ruData>

 <!-- Contents of rollback_files for this patch -->
<rollbackFilesData>
    <rollbackVersion>19.10.0.0.0-RU-Release_Update-210116033621</rollbackVersion>
</rollbackFilesData>

</sqlPatch>
