<?xml version="1.0" encoding="UTF-8" standalone="yes"?>
<system_patch_bundle_xml patch_id="34713322" bundle_type="ENGSYSTEM" type_version="2.0" min_patching_tool_ver="13.9.4.6.0" unique_patch_id="24997514">
    <system urm_id="1" type="oracle_oms">
        <product aru_id="12383" qpart_id="N/A">Enterprise Manager Base Platform</product>
        <release aru_id="600000000156561" urm_id="N/A">Enterprise Manager Base Platform - Agent 13.5.0.0.0</release>
    </system>
    <subpatches>
        <subpatch unique_patch_id="24997514" patch_id="34713322" platform="0" location="34713322" patching_tool="OPATCH" patch_type="SINGLETON">
            <target_types>
                <target_type type="oracle_oms" version="N/A">
                    <product aru_id="12383" qpart_id="N/A">N/A</product>
                    <release aru_id="600000000156561" urm_id="N/A">N/A</release>
                </target_type>
            </target_types>
        </subpatch>
    </subpatches>
    <automation/>
    <fvalue>
        <min_opatch_version>11.1.0.10.1</min_opatch_version>
        <value>4e27d2161d57ef4219e6ea591b594a0be4e44834</value>
        <function>3</function>
    </fvalue>
</system_patch_bundle_xml>
