<?xml version="1.0" encoding="UTF-8" standalone="no"?>
<oneoff_inventory>
    <opack_version version="14.1.0.1.11"/>
    <patch_description>MERGE ON DATABASE RU 19.12.0.0.0 OF 33028498 33028606 33189444 33580627 28318139</patch_description>
    <patch_id number="33590062"/>
    <minimum_opatch_version>12.2.0.1.25</minimum_opatch_version>
    <unique_patch_id>24729818</unique_patch_id>
    <cannot_autorollback>false</cannot_autorollback>
    <not_rollbackable>false</not_rollbackable>
    <date_of_patch day="27" month="Nov" time="04:11:49 hrs" year="2021" zone="PST8PDT"/>
    <base_bugs>
        <bug description="ORA-31003 ERROR WHEN IMPORTING FULL DATABASE IN PARALLEL" number="28318139"/>
        <bug description="DBMS_METADATA.GET_DDL CAPTURE INCORRECT STORAGE OPTIONS OF THE XML COLUMN ON GTT" number="28555193"/>
        <bug description="DATAPUMP EXPORT INVOKED BY A PRIVILEGE USER EXECUTES A QUERY FOR V$OPEN_CURSOR" number="28771564"/>
        <bug description="ATP-D  DATA PUMP IMPORT FROM ATP-D INSTANCE TO A LOCAL DB INSTANCE FAILS" number="29276889"/>
        <bug description="18.4 ADWC - ORA-39242  UNABLE TO EXPORT/IMPORT LONG RAW DATA TYPE" number="29543605"/>
        <bug description="ORA-31684 ORA-39112 WITH FIX 28539085 AND VERSION=11.2" number="29613245"/>
        <bug description="EXPDP RUNNING LONG TIME QUERYING KU$_SUBPARTITION_EST_VIEW WHEN PROCESSING TABLE_DATA" number="29959025"/>
        <bug description="ORA-54 RUNNING IMPDP AFTER UPGRADE FROM 12.2 TO 18.7" number="30155338"/>
        <bug description="IMPDP WORKER TERMINATED WITH ORA-39029 AFTER MULTIPLE ORA-01775" number="30662417"/>
        <bug description="IMPDP VERY SLOW DUE TO PROCESS REORDERING" number="30822078"/>
        <bug description="18C DBMS_METADATA.GET_DDL FAILED WITH ORA-16000 IN READ ONLY MODE" number="30858671"/>
        <bug description="ORA-20000 DURING IMPDP WITH STATS AND THE UNIQUE INDEX FOR THE PK IS NOT CREATED" number="30978304"/>
        <bug description="ADB-D  IMPORT PERFORMANCE OF PACKAGE_BODY" number="31200854"/>
        <bug description="DBMS_METADATA_UTIL THROWS AN INVALID CURSOR EXCEPTION." number="31402031"/>
        <bug description="ADBD   COMPLETE FIX FOR 29543605 WHICH INCLUDES ALL THE MISSING FILES" number="31412130"/>
        <bug description="ADB-S  ORA39126 AND ORA01031 WHILE IMPORT USING FA FULL DUMP INTO ADB-S" number="31711479"/>
        <bug description="ZDM    IMPORT ADW-S DB LINK MIGRATION THROWS INTERNAL ERROR" number="31830685"/>
        <bug description="PROCOBJ PLSQL SCRIPTS ARE NOT EXCLUDED ON IMPORT WITH EXCLUDE=TAG" number="32512780"/>
        <bug description="ADB-D   PACKAGE BODIES IMPORT SLOWER AFTER AUTONOMOUS REFRESH TO 19.10DBRU" number="32647307"/>
        <bug description="CONSOLIDATED BUG OF IMPROVEMENTS TO DATA PUMP / MDAPI PATCHING PROCEDURES" number="32919937"/>
        <bug description="ATPD MIGRATION IMPDP HITS TABLE OR VIEW DOES NOT EXIST ON SOME DATAPUMP RELATED TABLES" number="33163877"/>
    </base_bugs>
    <required_components>
        <component internal_name="oracle.rdbms.dbscripts" opt_req="O" patch_level="3" version="19.0.0.0.0"/>
        <component internal_name="oracle.rdbms" opt_req="O" patch_level="3" version="19.0.0.0.0"/>
    </required_components>
    <os_platforms>
        <platform id="0" name="Generic Platform 1"/>
    </os_platforms>
    <executables/>
    <instance_shutdown>false</instance_shutdown>
    <instance_shutdown_message/>
    <online_rac_installable>false</online_rac_installable>
    <run_as_root>false</run_as_root>
    <sql_migrate>false</sql_migrate>
    <sql_patch>true</sql_patch>
    <sql_patch_database_startup_mode>normal</sql_patch_database_startup_mode>
    <wls_prereq_oneoffs/>
    <prereq_oneoffs>
        <prereq oneoff_id="32904851"/>
    </prereq_oneoffs>
    <overlay_oneoffs>
        <overlay oneoff_id="32904851"/>
    </overlay_oneoffs>
    <patch_type sub_type="update" value="singleton"/>
    <patch_language value="en"/>
    <product_family value="db"/>
    <patching_model value="one-off"/>
    <auto>false</auto>
    <translatable>false</translatable>
    <application_dirs/>
    <patch_characteristics>
        <content_type value="generic"/>
    </patch_characteristics>
</oneoff_inventory>